mode,n_qubits,n_threads,mean_ms,std_ms,speedup_vs_baseline,peak_memory_mb,final_rank,status
baseline,4,1,116.82556666589032,33.09360331368209,0.7443208065931581,0.00384,15.0,ok
baseline,4,2,70.66879999668647,13.496069775345434,1.230468042694024,0.00384,15.0,ok
baseline,4,4,69.35456664844726,9.4407479337813,1.2537847789061927,0.00384,15.0,ok
baseline,4,8,76.95646665524691,8.91337111459846,1.1299336337907295,0.00384,15.0,ok
baseline,4,16,74.60489999114846,4.383153539411373,1.1655494481163458,0.00384,15.0,ok
iterative_compression,4,1,102.75079998730992,4.679394096665987,0.8462775961082306,0.00384,15.0,ok
iterative_compression,4,2,86.06006666862716,11.686625332741285,1.010407072379803,0.00384,15.0,ok
iterative_compression,4,4,85.92953335028142,8.229785476641196,1.0119419554740718,0.00384,15.0,ok
iterative_compression,4,8,86.35723332796867,4.302554421904273,1.0069301280324336,0.00384,15.0,ok
iterative_compression,4,16,85.14530002139509,11.567678385625058,1.0212624770786907,0.00384,15.0,ok
full_opt,4,1,110.1075666762578,6.278044579272372,0.7897340994477564,0.00384,15.0,ok
full_opt,4,2,82.9903000073197,13.036378063054112,1.0477814877616878,0.00384,15.0,ok
full_opt,4,4,90.92886668319504,3.591029910035449,0.9563046718092321,0.00384,15.0,ok
full_opt,4,8,76.35736665300404,10.38920139037179,1.1387990946127953,0.00384,15.0,ok
full_opt,4,16,90.89280001353472,2.070309784235274,0.9566841377810981,0.00384,15.0,ok
baseline,6,1,420.97729999416816,81.8242206093702,1.1344343269890862,0.037888,37.666666666666664,ok
baseline,6,2,394.2619666534786,73.12299441353288,1.2113040069530965,0.037888,37.666666666666664,ok
baseline,6,4,426.47093332683045,82.14325466571078,1.119820983510206,0.037888,37.666666666666664,ok
baseline,6,8,575.942466656367,91.14356708033596,0.8291993170239816,0.037888,37.666666666666664,ok
baseline,6,16,607.1359000052325,97.2054697316398,0.7865967075780742,0.037888,37.666666666666664,ok
iterative_compression,6,1,407.40223331764963,71.15737469830117,1.1722348601466963,0.037888,37.666666666666664,ok
iterative_compression,6,2,373.56753333006054,71.22035218824594,1.2784063318870253,0.037888,37.666666666666664,ok
iterative_compression,6,4,425.26973333830637,67.7249790703588,1.122983985358427,0.037888,37.666666666666664,ok
iterative_compression,6,8,571.8817333108746,94.13627739363676,0.8350871730623356,0.037888,37.666666666666664,ok
iterative_compression,6,16,591.1680999949264,101.76956351376349,0.8078431498598545,0.037888,37.666666666666664,ok
full_opt,6,1,397.5264666369185,64.15434678650135,1.2013567399343934,0.037888,37.666666666666664,ok
full_opt,6,2,384.2876333316478,58.5562037418097,1.2427438683263938,0.037888,37.666666666666664,ok
full_opt,6,4,424.3680333214191,72.99397549802018,1.125370109192111,0.037888,37.666666666666664,ok
full_opt,6,8,592.4148666672409,92.83979824840142,0.8061430036069946,0.037888,37.666666666666664,ok
full_opt,6,16,600.0494999655833,101.06966397211335,0.7958861727640112,0.037888,37.666666666666664,ok
baseline,8,1,2454.1244999854825,618.7834507561016,0.7981568579865904,0.270336,66.0,ok
baseline,8,2,2119.924266667416,530.2218628476645,0.9239840926466584,0.270336,66.0,ok
baseline,8,4,1921.8609666762252,461.79443862836445,1.0192081185789121,0.270336,66.0,ok
baseline,8,8,2038.1056666762258,454.4963639744809,0.9610769117828555,0.270336,66.0,ok
baseline,8,16,2639.5535999909043,495.183370276018,0.7420861997358473,0.270336,66.0,ok
iterative_compression,8,1,2410.3653999821595,645.4371932888745,0.8126470368479497,0.270336,66.0,ok
iterative_compression,8,2,2045.4633666668087,571.075357593942,0.957619839072579,0.270336,66.0,ok
iterative_compression,8,4,1996.150433338092,552.4794295754191,0.9812768954195162,0.270336,66.0,ok
iterative_compression,8,8,2076.0325999969305,463.488734900914,0.9435190468681567,0.270336,66.0,ok
iterative_compression,8,16,2700.527166656684,519.8990620964765,0.7253310850567506,0.270336,66.0,ok
full_opt,8,1,2368.210566637572,644.5514936500658,0.8271123892489978,0.270336,66.0,ok
full_opt,8,2,1952.140533326504,499.1236125242025,1.003399225914598,0.270336,66.0,ok
full_opt,8,4,1986.0234333318658,544.1633982031049,0.9862805579943085,0.270336,66.0,ok
full_opt,8,8,2012.2211000028376,446.5809744942491,0.9734398968451144,0.270336,66.0,ok
full_opt,8,16,2639.5152999903075,484.8414893102001,0.7420969675847371,0.270336,66.0,ok
baseline,10,1,14955.96123333477,3515.140074732654,0.996466550526855,1.736704,106.0,ok
baseline,10,2,11175.059866684023,2353.6667251304734,1.3336049450996514,1.736704,106.0,ok
baseline,10,4,9243.192300006436,2277.726903516928,1.6123342040589255,1.736704,106.0,ok
baseline,10,8,9285.291033350708,1869.466687960734,1.6050240155602855,1.736704,106.0,ok
baseline,10,16,10538.491666666232,2278.2279924427594,1.4141601636535666,1.736704,106.0,ok
iterative_compression,10,1,14633.433899997422,3204.766287394083,1.0184291125268343,1.736704,106.0,ok
iterative_compression,10,2,10603.610633329177,2578.667787277191,1.4054755135152854,1.736704,106.0,ok
iterative_compression,10,4,9485.331633322252,2412.2912021519537,1.5711749126028847,1.736704,106.0,ok
iterative_compression,10,8,9378.109966695774,1941.8901375219837,1.5891384461175537,1.736704,106.0,ok
iterative_compression,10,16,10734.37383332445,2549.036686689424,1.3883543960178022,1.736704,106.0,ok
full_opt,10,1,14567.112133353172,2881.017219734519,1.023065859833122,1.736704,106.0,ok
full_opt,10,2,11118.642133350173,2233.8197176754306,1.3403718656698944,1.736704,106.0,ok
full_opt,10,4,9498.377700006435,2436.2262564240214,1.5690168964311,1.736704,106.0,ok
full_opt,10,8,9291.993166688675,2289.1033829514663,1.6038663430598914,1.736704,106.0,ok
full_opt,10,16,10556.776066698754,2189.514067804644,1.4117108296922387,1.736704,106.0,ok
baseline,12,1,76701.1121000008,12776.866596183638,0.8872034490359535,8.650752,132.33333333333334,ok
baseline,12,2,48971.0534333523,9126.64977856978,1.389586019272114,8.650752,132.33333333333334,ok
baseline,12,4,33892.02153335403,5479.291034545318,2.007832171741208,8.650752,132.33333333333334,ok
baseline,12,8,30388.862466653034,4350.365907084106,2.2392905056807426,8.650752,132.33333333333334,ok
baseline,12,16,32972.39059999507,3963.4410993895463,2.063832496271113,8.650752,132.33333333333334,ok
iterative_compression,12,1,77481.87443330728,14150.312011342066,0.8782633576913241,8.650752,132.33333333333334,ok
iterative_compression,12,2,45915.46510000868,7310.176284793257,1.482060370112665,8.650752,132.33333333333334,ok
iterative_compression,12,4,35863.33350000981,5750.196659052745,1.8974669825379007,8.650752,132.33333333333334,ok
iterative_compression,12,8,30041.190099999465,4701.234781036245,2.265206237618903,8.650752,132.33333333333334,ok
iterative_compression,12,16,32993.79463332783,4243.686267385422,2.062493628158659,8.650752,132.33333333333334,ok
full_opt,12,1,77662.3952666802,13679.549554992429,0.8762218956335687,8.650752,132.33333333333334,ok
full_opt,12,2,47221.52419999475,6922.7132342920395,1.4410693503201573,8.650752,132.33333333333334,ok
full_opt,12,4,35626.69333332451,5621.883178474796,1.910070366714664,8.650752,132.33333333333334,ok
full_opt,12,8,30611.743833345827,4327.268458191542,2.222986431955134,8.650752,132.33333333333334,ok
full_opt,12,16,33866.502400022,5228.792237394891,2.009345116192743,8.650752,132.33333333333334,ok
baseline,14,1,417872.91763332905,72071.53533500437,0.9184571863945664,40.108032,153.66666666666666,ok
baseline,14,2,244026.1724666731,51606.093368445756,1.5727754950236394,40.108032,153.66666666666666,ok
baseline,14,4,154809.3985999973,23237.52645368816,2.4791672060665344,40.108032,153.66666666666666,ok
baseline,14,8,115788.03413332207,20005.093043734796,3.314663618505501,40.108032,153.66666666666666,ok
baseline,14,16,121709.09780000027,20499.016709204137,3.1534075195485918,40.108032,153.66666666666666,ok
iterative_compression,14,1,419092.91086666053,73941.18237023977,0.9157835273479629,40.108032,153.66666666666666,ok
iterative_compression,14,2,231612.65430001853,42729.91347723342,1.6570700135530767,40.108032,153.66666666666666,ok
iterative_compression,14,4,156515.55336666448,30699.43558849698,2.452142141432311,40.108032,153.66666666666666,ok
iterative_compression,14,8,119778.62793333286,17212.0456944543,3.2042309285226804,40.108032,153.66666666666666,ok
iterative_compression,14,16,128467.77136666545,24496.885648893098,2.9875071398614064,40.108032,153.66666666666666,ok
full_opt,14,1,419268.50496669067,92485.37802886267,0.9153999874865085,40.108032,153.66666666666666,ok
full_opt,14,2,230089.37433330962,41365.836110354045,1.6680404530285777,40.108032,153.66666666666666,ok
full_opt,14,4,150673.05256668865,27098.380280344445,2.5472264460171115,40.108032,153.66666666666666,ok
full_opt,14,8,120209.16139999947,17272.118637255175,3.192754859364633,40.108032,153.66666666666666,ok
full_opt,14,16,125894.85793333733,26221.593093858297,3.04856282854079,40.108032,153.66666666666666,ok
baseline,16,1,2808507.7865333487,588915.6117811897,1.0691525553170667,199.22944,190.66666666666666,ok
baseline,16,2,1571958.6406666785,318557.9525010969,1.9101795676548672,199.22944,190.66666666666666,ok
baseline,16,4,961305.5212333371,192901.25234496905,3.1235889218108004,199.22944,190.66666666666666,ok
baseline,16,8,666031.4296000093,103106.59514221267,4.50838075074523,199.22944,190.66666666666666,ok
baseline,16,16,705538.4640666695,144732.06047921037,4.255931362398788,199.22944,190.66666666666666,ok
iterative_compression,16,1,2868170.5291333296,488649.27778437926,1.046912394538597,199.22944,190.66666666666666,ok
iterative_compression,16,2,1614905.9676999848,338915.2173244545,1.8593796398415756,199.22944,190.66666666666666,ok
iterative_compression,16,4,951974.9199333406,160884.63282424436,3.154204185137846,199.22944,190.66666666666666,ok
iterative_compression,16,8,655325.4857333183,116098.71499953732,4.5820334199881145,199.22944,190.66666666666666,ok
iterative_compression,16,16,671802.781900003,110388.18961200013,4.46964995903658,199.22944,190.66666666666666,ok
full_opt,16,1,2950167.271866657,646454.9557228031,1.0178145846964461,199.22944,190.66666666666666,ok
full_opt,16,2,1580904.4110000057,327364.5618981558,1.899370547458102,199.22944,190.66666666666666,ok
full_opt,16,4,959929.7595333192,203999.14314299903,3.128065618113368,199.22944,190.66666666666666,ok
full_opt,16,8,678824.0759333324,122961.6155952,4.423418943223969,199.22944,190.66666666666666,ok
full_opt,16,16,668107.8283333336,84508.48177210335,4.494369245890477,199.22944,190.66666666666666,ok
baseline,18,1,17883495.85496665,4212198.482450656,1.3128541783948529,905.969664,216.33333333333334,ok
baseline,18,2,9349126.230433311,2183656.3527335883,2.51129588785238,905.969664,216.33333333333334,ok
baseline,18,4,5585255.943433323,1263549.4967081759,4.2036430371832765,905.969664,216.33333333333334,ok
baseline,18,8,3710230.4835999967,725281.1401814237,6.328022574683592,905.969664,216.33333333333334,ok
baseline,18,16,3701826.009399975,763291.2711805586,6.342389458035493,905.969664,216.33333333333334,ok
