algo,n_qubits,mode,competitor,noisy,trials,n_epochs,lret_mean_ms,lret_std_ms,lret_median_ms,lret_min_ms,comp_mean_ms,comp_std_ms,time_ratio,lret_peak_mb,comp_peak_mb,memory_ratio,accuracy_ratio,status
vqe_noisy,1,sequential,default.mixed,True,3,30,1357.4579000026763,91.20927923562893,1377.5975000171456,1237.0499999960884,35.03509999912543,0.0682792829051974,38.74565507267175,0.18568533333332957,0.0027306666666693977,67.99999999993061,1.0,ok
vqe_noisy,1,row,default.mixed,True,3,30,1286.3320333320491,42.70158179330534,1294.9801000067964,1230.24850001093,35.03509999912543,0.0682792829051974,36.715523385523646,0.015018666666672212,0.0027306666666693977,5.49999999999653,1.0,ok
vqe_noisy,1,column,default.mixed,True,3,30,1322.085833332191,37.016003518640034,1322.6790000044275,1276.4569999999367,35.03509999912543,0.0682792829051974,37.736037098943456,0.019114666666666835,0.0027306666666693977,6.999999999993061,1.0,ok
vqe_noisy,1,batch,default.mixed,True,3,30,1338.2973333258026,9.978029957975465,1334.6251999901142,1328.333899989957,35.03509999912543,0.0682792829051974,38.198758769325906,0.0013653333333346989,0.0027306666666693977,0.5,1.0,ok
vqe_noisy,1,hybrid,default.mixed,True,3,30,1300.764133329115,33.76916206264117,1320.4190999967977,1253.2431999861728,35.03509999912543,0.0682792829051974,37.12745599018087,0.0,0.0027306666666693977,0.0,1.0,ok
vqe_noisy,1,layer-parallel,default.mixed,True,3,30,1269.0287333292265,11.559160646020969,1270.986300020013,1253.9947999757715,35.03509999912543,0.0682792829051974,36.221638681234104,0.004095999999994622,0.0027306666666693977,1.4999999999965303,1.0,ok
vqe_noisy,2,sequential,default.mixed,True,3,30,1359.811366671541,28.385059157202363,1366.9381000217982,1322.035799996229,58.1280333281029,0.4453321492689034,23.393383343904034,0.0013653333333346989,0.0027306666666599235,0.5000000000017347,1.0,ok
vqe_noisy,2,row,default.mixed,True,3,30,1374.0615666708134,37.25749922847138,1375.9808000177145,1327.5012999947648,58.1280333281029,0.4453321492689034,23.638535281504215,0.0,0.0027306666666599235,0.0,1.0,ok
vqe_noisy,2,column,default.mixed,True,3,30,1356.6908666689415,88.9050857012675,1313.7301000242587,1275.8386999776121,58.1280333281029,0.4453321492689034,23.339700123882018,0.0,0.0027306666666599235,0.0,1.0,ok
vqe_noisy,2,batch,default.mixed,True,3,30,1332.7069666605287,61.84290409646085,1362.3722000047565,1246.6226999822538,58.1280333281029,0.4453321492689034,22.92709541948688,0.0,0.0027306666666599235,0.0,1.0,ok
vqe_noisy,2,hybrid,default.mixed,True,3,30,1352.0854333376822,6.698601660111828,1354.5642000099178,1342.927799996687,58.1280333281029,0.4453321492689034,23.26047099694315,0.0,0.0027306666666599235,0.0,1.0,ok
vqe_noisy,2,layer-parallel,default.mixed,True,3,30,1350.4633333262366,108.35222935047135,1287.3299999919254,1261.1128999851644,58.1280333281029,0.4453321492689034,23.232565356263894,0.005461333333329321,0.0027306666666599235,2.0000000000034697,1.0,ok
vqe_noisy,3,sequential,default.mixed,True,3,30,1362.3580333272305,20.31315987803875,1373.559399973601,1333.8481000100728,82.27273333856526,0.23240921206299836,16.559046698022204,0.005461333333329321,0.0013653333333346989,3.999999999993061,1.0,ok
vqe_noisy,3,row,default.mixed,True,3,30,1377.3111333236254,30.14446356110946,1385.4674999893177,1336.9956999958958,82.27273333856526,0.23240921206299836,16.74079707131855,0.0,0.0013653333333346989,0.0,1.0,ok
vqe_noisy,3,column,default.mixed,True,3,30,1426.53153334201,26.68909899050826,1428.9493999967817,1392.7024000149686,82.27273333856526,0.23240921206299836,17.339056032958187,0.0,0.0013653333333346989,0.0,1.0,ok
vqe_noisy,3,batch,default.mixed,True,3,30,1362.1611333316348,38.69029077222635,1369.0351999830455,1311.7138000088744,82.27273333856526,0.23240921206299836,16.55665343858368,0.0,0.0013653333333346989,0.0,1.0,ok
vqe_noisy,3,hybrid,default.mixed,True,3,30,1359.6007999925253,47.74788561671827,1327.6656999951228,1324.0425999974832,82.27273333856526,0.23240921206299836,16.525533367143083,0.0,0.0013653333333346989,0.0,1.0,ok
vqe_noisy,3,layer-parallel,default.mixed,True,3,30,1373.0273333300527,21.11773116013893,1366.49290000787,1351.057399995625,82.27273333856526,0.23240921206299836,16.688728787942768,0.0,0.0013653333333346989,0.0,1.0,ok
vqe_noisy,4,sequential,default.mixed,True,3,30,1370.0661666710705,5.821313004968709,1373.1096000119578,1361.919899994973,132.28629999017963,0.4889445015321502,10.35682581471232,0.015018666666672212,0.0027306666666693977,5.49999999999653,1.0,ok
vqe_noisy,4,row,default.mixed,True,3,30,1422.9716666644283,73.21258381890544,1468.0715999857057,1319.7084999992512,132.28629999017963,0.4889445015321502,10.75675762924856,0.0,0.0027306666666693977,0.0,1.0,ok
vqe_noisy,4,column,default.mixed,True,3,30,1433.4882999925564,36.203591014262734,1429.5306999993045,1391.2596000009216,132.28629999017963,0.4889445015321502,10.836256665270497,0.0,0.0027306666666693977,0.0,1.0,ok
vqe_noisy,4,batch,default.mixed,True,3,30,1439.123033322782,34.0383364952492,1417.926099995384,1412.2924999974202,132.28629999017963,0.4889445015321502,10.878851653040536,0.0,0.0027306666666693977,0.0,1.0,ok
vqe_noisy,4,hybrid,default.mixed,True,3,30,1499.4367333420087,63.80129219309765,1479.7786000126507,1433.002600009786,132.28629999017963,0.4889445015321502,11.334784731701774,0.0,0.0027306666666693977,0.0,1.0,ok
vqe_noisy,4,layer-parallel,default.mixed,True,3,30,1480.4806999939804,100.89681162878146,1476.1661999800708,1359.121600020444,132.28629999017963,0.4889445015321502,11.191489217733695,0.0,0.0027306666666693977,0.0,1.0,ok
vqe_noisy,5,sequential,default.mixed,True,3,30,1573.1830333243124,119.35252069877893,1498.878299986245,1479.0850999997929,284.06116667125997,0.28913021750314,5.538184088164839,0.0027306666666693977,0.0,nan,1.0,ok
vqe_noisy,5,row,default.mixed,True,3,30,1483.6618999931186,92.41426391841802,1464.9541999970097,1380.9974000032526,284.06116667125997,0.28913021750314,5.223036705014099,0.0013653333333252249,0.0,nan,1.0,ok
vqe_noisy,5,column,default.mixed,True,3,30,1519.4677000011627,42.87858727855699,1541.7723999998998,1459.4816000026185,284.06116667125997,0.28913021750314,5.349086317594483,0.004096000000004096,0.0,nan,1.0,ok
vqe_noisy,5,batch,default.mixed,True,3,30,1545.164833330394,20.4908768256091,1535.5234000016935,1526.3191999983974,284.06116667125997,0.28913021750314,5.439549697824735,0.0013653333333346989,0.0,nan,1.0,ok
vqe_noisy,5,hybrid,default.mixed,True,3,30,1454.4630000018515,45.29046525154431,1434.655399993062,1411.6166000021622,284.06116667125997,0.28913021750314,5.120245815525644,0.0,0.0,nan,1.0,ok
vqe_noisy,5,layer-parallel,default.mixed,True,3,30,1527.3130333322722,40.426612417595464,1508.8532000081614,1489.6825999894645,284.06116667125997,0.28913021750314,5.376704782388683,0.0,0.0,nan,1.0,ok
vqe_noisy,6,sequential,default.mixed,True,3,30,1603.9084333460778,17.693702890159024,1596.204300003592,1587.1429000108037,874.1433000056228,1.3569959951554793,1.8348346699399982,0.0027306666666693977,0.0027306666666693977,1.0,1.0,ok
vqe_noisy,6,row,default.mixed,True,3,30,1561.820966686355,33.923478187746014,1558.1000000238419,1522.2590000194032,874.1433000056228,1.3569959951554793,1.7866875679036935,0.0,0.0027306666666693977,0.0,1.0,ok
vqe_noisy,6,column,default.mixed,True,3,30,1636.8566666690942,21.79970345061224,1635.1586999953724,1611.0471000138205,874.1433000056228,1.3569959951554793,1.8725266974631796,0.0,0.0027306666666693977,0.0,1.0,ok
vqe_noisy,6,batch,default.mixed,True,3,30,1625.4454000057497,10.116663159847173,1623.8043000048492,1613.9573999971617,874.1433000056228,1.3569959951554793,1.8594724686390598,0.0,0.0027306666666693977,0.0,1.0,ok
vqe_noisy,6,hybrid,default.mixed,True,3,30,1574.7622666628256,60.52096799041699,1554.4209999789018,1512.9338999977335,874.1433000056228,1.3569959951554793,1.801492119944975,0.0,0.0027306666666693977,0.0,1.0,ok
vqe_noisy,6,layer-parallel,default.mixed,True,3,30,1601.8539000069723,56.10978297162348,1594.07070002635,1537.3566999915056,874.1433000056228,1.3569959951554793,1.8324843306545604,0.0,0.0027306666666693977,0.0,1.0,ok
vqe_noisy,8,sequential,default.mixed,True,3,30,2181.1285666578137,28.089964341248358,2190.582099981839,2142.9871000000276,12998.951499990653,19.29507571276963,0.16779265363513218,0.00682666666666402,0.0013653333333346989,4.999999999993061,1.0,ok
vqe_noisy,8,row,default.mixed,True,3,30,2159.7263666723543,34.607179074585865,2165.6193000089843,2114.7033000015654,12998.951499990653,19.29507571276963,0.16614619776632808,0.0013653333333346989,0.0013653333333346989,1.0,1.0,ok
vqe_noisy,8,column,default.mixed,True,3,30,2173.9746000093874,30.026212826081714,2159.199500019895,2146.885599999223,12998.951499990653,19.29507571276963,0.16724230412052468,0.0,0.0013653333333346989,0.0,1.0,ok
vqe_noisy,8,batch,default.mixed,True,3,30,2182.751200006654,33.99797966705471,2160.0797999999486,2157.3677000124007,12998.951499990653,19.29507571276963,0.16791748165290282,0.0,0.0013653333333346989,0.0,1.0,ok
vqe_noisy,8,hybrid,default.mixed,True,3,30,2157.395833336826,72.8726999104639,2195.3614999947604,2055.4394999926444,12998.951499990653,19.29507571276963,0.16596691151116127,0.0,0.0013653333333346989,0.0,1.0,ok
vqe_noisy,8,layer-parallel,default.mixed,True,3,30,2213.1311999983154,20.153931211728402,2202.4346999824047,2195.6002000079025,12998.951499990653,19.29507571276963,0.1702545932262234,0.0,0.0013653333333346989,0.0,1.0,ok
vqe_noisy,10,sequential,default.mixed,True,2,30,12420.098549991962,12.22625000809785,12420.098549991962,12407.872299983865,215914.82740000356,794.5617999939714,0.05752313863550696,0.0,0.0,nan,1.0,ok
vqe_noisy,10,row,default.mixed,True,2,30,12306.433399993693,59.236900007817894,12306.433399993693,12247.196499985876,215914.82740000356,794.5617999939714,0.056996703506586,0.0,0.0,nan,1.0,ok
vqe_noisy,10,column,default.mixed,True,2,30,12352.724050011602,4.531550002866425,12352.724050011602,12348.192500008736,215914.82740000356,794.5617999939714,0.057211096610456307,0.0,0.0,nan,1.0,ok
vqe_noisy,10,batch,default.mixed,True,2,30,12379.725100006908,28.40949999517761,12379.725100006908,12351.31560001173,215914.82740000356,794.5617999939714,0.05733615078260579,0.0061440000000061445,0.0,nan,1.0,ok
vqe_noisy,10,hybrid,default.mixed,True,2,30,12391.323549993103,3.866349987220019,12391.323549993103,12387.457200005883,215914.82740000356,794.5617999939714,0.05738986849215757,0.0,0.0,nan,1.0,ok
vqe_noisy,10,layer-parallel,default.mixed,True,2,30,12437.225300003774,44.776199996704236,12437.225300003774,12392.44910000707,215914.82740000356,794.5617999939714,0.05760246042279711,0.0,0.0,nan,1.0,ok
vqe_noisy,12,sequential,default.mixed,True,2,30,41271.00915000483,102.6759500236949,41271.00915000483,41168.333199981134,3630881.1168999965,1271.1290999869816,0.011366664955761904,0.008192000000008193,0.0,nan,1.0,ok
vqe_noisy,12,row,default.mixed,True,2,30,40960.00365000509,64.04484999075066,40960.00365000509,40895.95880001434,3630881.1168999965,1271.1290999869816,0.011281009300843279,0.0,0.0,nan,1.0,ok
vqe_noisy,12,column,default.mixed,True,2,30,41354.54830000526,29.676000005565584,41354.54830000526,41324.8722999997,3630881.1168999965,1271.1290999869816,0.011389672910941598,0.0,0.0,nan,1.0,ok
vqe_noisy,12,batch,default.mixed,True,2,30,41332.909999997355,73.57300000148825,41332.909999997355,41259.33699999587,3630881.1168999965,1271.1290999869816,0.011383713393317297,0.0,0.0,nan,1.0,ok
vqe_noisy,12,hybrid,default.mixed,True,2,30,41201.012849996914,40.989350018207915,41201.012849996914,41160.023499978706,3630881.1168999965,1271.1290999869816,0.011347386907884732,0.0,0.0,nan,1.0,ok
vqe_noisy,12,layer-parallel,default.mixed,True,2,30,41183.8349999889,122.99449999409262,41183.8349999889,41060.84049999481,3630881.1168999965,1271.1290999869816,0.011342655866174759,0.0,0.0,nan,1.0,ok
