Method,Description & Benefits,Pseudocode (C++-Inspired)
AlphaTensor-Quantum for T-Count Optimization,"Extends deep RL to find low-rank tensor decompositions for quantum circuits, reducing T-gates (costly non-Clifford ops) by 10–30% via gadgets. Integrates with LRET by pre-optimizing circuits to minimize rank growth in noisy evolutions. Benefits: 2–5x faster simulation for arithmetic benchmarks; lowers truncation overhead in Kraus channels.","<br>algorithm AlphaTensorOptimize(circuit: qasm, episodes: int, gadgets: bool)<br>Input: Circuit, RL episodes, use gadgets<br>Output: Optimized circuit<br><br>agent = init_rl_agent();  // Policy net for decomps<br>for ep in episodes:<br>    state = tensor_decomp(circuit);  // To low-rank<br>    action = agent.select_gadget(state);  // Reduce T-count<br>    reward = -t_count(new_circuit);  // Minimize<br>    agent.update(reward);<br>// Apply to LRET: Truncate post-opt<br>return simulate_lret(optimized_circuit);<br>
Trigger: Pre-simulation circuit pass."
Sparse Tensor Approximation for Complex Circuits,"Truncates sparse tensor networks via SVD, simulating n=40+ with low-rank inputs; exploits sparsity in noisy gates for rank bounding. Benefits: 3–10x memory savings; 2–4x speedup in entanglement-heavy LRET evolutions.","<br>algorithm SparseTensorApprox(L: sparse_matrix<2^n x rank>, cutoff: float)<br>Input: Sparse L, SVD cutoff<br>Output: L_approx<br><br>// Build sparse TN<br>tn = sparse_tn_from_circuit(L.circuit);<br>// Parallel truncate<br>#pragma omp parallel for<br>for tensor in tn:<br>    if sparsity(tensor) > 0.5: U, S, V = svd(tensor);<br>    S[S < cutoff] = 0;  // Sparsify<br>    tensor = U * diag(S) * V†;<br>// Recontract<br>L_approx = tn.contract_optimal_path();<br>return L_approx;<br>
Ideal for post-noise truncation."
Hybrid Tree Tensor Networks (hTTN) for Ground-State Optimization,"Uses tree-structured TNs for variational optimization, parallelizing contractions over branches; reduces barren plateaus in VQE-like LRET hybrids. Benefits: 2–4x faster convergence for n=20+; better handles noise-induced rank growth.","<br>algorithm HTTN_Optimize(hamil: Hamiltonian, chi_max: int)<br>Input: Noisy hamil, bond dim limit<br>Output: Ground state L<br><br>ttn = init_tree_tn(2^n);  // Tree with leaves<br>for iter in max_iters:<br>    energy = expectation(ttn, hamil);<br>    #pragma omp parallel for  // Branch-parallel<br>    for branch in ttn.branches:<br>        U, S, V = svd(branch);<br>        truncate(S, chi_max);<br>    ttn.update(S);  // Variational step<br>return ttn.to_low_rank();  // To L L†<br>
Extend for density matrices."
Performance Tuning for Storage-Based Quantum Simulation,"Empirical tuning of simulator params (e.g., qubit partitioning, I/O overlap) for multi-node setups; vertical qubit design optimizes parallel I/O. Benefits: Scales to larger n with 1.5–3x throughput; reduces LRET's cache thrashing in distributed truncation.","<br>algorithm PerfTuneSimulator(params: dict, hardware: config)<br>Input: Sim params (threads, partitioning), hardware<br>Output: Tuned params<br><br>for config in search_space:  // Grid search<br>    sim = init_lret(config.threads, config.partition);<br>    time = benchmark(sim, test_circuit);<br>    if time < best: best = config;<br>// Apply: Overlap I/O with compute<br>#pragma omp parallel sections<br>{ section: compute_gates(); section: io_snapshot(); }<br>return best;<br>
Run pre-simulation."
Quantum Circuit Cutting with Randomized Measurements,"Cuts circuits into sub-circuits, parallelizing on multiple devices; low-rank recombination via measurements. Benefits: Extends sim to n>20 by 2–5x; reduces rank in noisy sub-evolutions.","<br>algorithm CircuitCutting(L: matrix, cuts: int)<br>Input: L circuit, #cuts<br>Output: Recombined L<br><br>sub_circs = cut_circuit(L.circuit, cuts);<br>#pragma omp parallel for<br>for sub in sub_circs:<br>    meas = randomize_measure(sub);<br>    low_rank_sub = truncate(meas);<br>// Recombine<br>L = stitch_subs(low_rank_sub, overlaps);<br>return L;<br>
For hybrid classical-quantum."
Parallel Tensor Network Contraction on Multicore CPUs/GPUs,Task-based parallelism for TN contractions; SBMM for strided multiplies in density matrices. Benefits: 3–6x speedup in LRET gate applications; efficient for noisy circuits.,"<br>algorithm ParallelTNContract(TN: net, gpu: bool)<br>Input: TN (L as net), use GPU<br>Output: Contracted TN<br><br>tasks = decompose_tn(TN);  // To tasks<br>#pragma omp parallel for schedule(dynamic)<br>for task in tasks:<br>    if gpu: cuda_sbmm(task);  // Strided GEMM<br>    else: cpu_contract(task);<br>// Reduce<br>tn = allreduce(tasks);<br>return tn.to_lret();<br>
Port to cuBLAS."
Optimal Contraction Trees for TN Simulation,"Constructs minimal-cost trees for TN contractions, optimizing for low-rank paths in quantum circuits. Benefits: 2–4x reduction in flops; bounds rank during LRET evolution.","<br>algorithm OptimalTreeContract(TN: net)<br>Input: TN<br>Output: Contracted value<br><br>tree = build_min_cost_tree(TN);  // Greedy or RL<br>#pragma omp parallel for<br>for path in tree.paths:<br>    contract_path(path);  // Low-rank SVD<br>result = tree.root();<br>return result;<br>
Precompute for batches."
Jet Task-Based Parallel TN Contraction,Open-source library for task-parallel TN sims; reduces bubbles in pipeline for noisy circuits. Benefits: 2–5x throughput; integrates with OpenMP for LRET.,"<br>algorithm JetParallelSim(circuit: gates)<br>Input: Circuit<br>Output: State<br><br>tn = jet_build_tn(circuit);<br>tasks = tn.to_tasks();<br>#pragma omp parallel<br>for task in tasks:<br>    omp_task { contract(task); }<br>state = jet_sync(tn);<br>return state;<br>
For multi-core."
Tomography-Assisted MP Density Operators,Uses matrix product operators (MPO) with SVD for noisy sims; low-rank tomography filters measurements. Benefits: 2–3x faster noisy evolutions; improves LRET fidelity metrics.,"<br>algorithm MPO_Tomography(rho: mpo, meas: data)<br>Input: MPO rho, measurements<br>Output: Filtered rho<br><br>// Parallel SVD<br>#pragma omp parallel for<br>for bond in mpo.bonds:<br>    U, S, V = svd(bond);<br>    truncate(S, rank_max);<br>// Tomography filter<br>rho = complete_low_rank(meas, rho);<br>return rho;<br>
For post-simulation."
Dynamical Low-Rank Approximation (DLRA),Projects derivatives onto low-rank manifolds; tangent-space integration for time evolution. Benefits: 3–5x speedup in density matrix dynamics; stabilizes LRET truncation.,"<br>algorithm DLRA_Evolve(rho: low_rank, dt: float)<br>Input: Initial rho, time step<br>Output: Evolved rho<br><br>for t in time_steps:<br>    deriv = project_tangent(rho, hamil);<br>    rho += dt * deriv;  // Integrator<br>    rho = truncate(rho, rank_max);<br>return rho;<br>
For Kraus evolution."