timestamp,overall_cpu,process_cpu,process_status,core_0,core_1,core_2,core_3,core_4,core_5,core_6,core_7,core_8,core_9,core_10,core_11,core_12,core_13,core_14,core_15,core_16,core_17,core_18,core_19,core_20,core_21,core_22,core_23,core_24,core_25,core_26,core_27,core_28,core_29,core_30,core_31,core_32,core_33,core_34,core_35,core_36,core_37,core_38,core_39,core_40,core_41,core_42,core_43,core_44,core_45,core_46,core_47,core_48,core_49,core_50,core_51,core_52,core_53,core_54,core_55,core_56,core_57,core_58,core_59,core_60,core_61,core_62,core_63,core_64,core_65,core_66,core_67,core_68,core_69,core_70,core_71,core_72,core_73,core_74,core_75,core_76,core_77,core_78,core_79,core_80,core_81,core_82,core_83,core_84,core_85,core_86,core_87,core_88,core_89,core_90,core_91,core_92,core_93,core_94,core_95
2026-01-25 14:36:36,3.0,28.1,running,3.4,0.0,44.3,2.2,71.3,4.5,10.6,2.3,2.4,0.0,0.0,1.1,2.4,0.0,0.0,0.0,0.0,0.0,0.0,0.0,0.0,0.0,0.0,2.3,2.3,0.0,2.3,0.0,2.3,0.0,1.1,0.0,2.3,0.0,0.0,0.0,0.0,0.0,4.6,0.0,4.5,0.0,0.0,0.0,2.3,0.0,0.0,0.0,50.0,66.7,66.7,66.7,66.7,66.7,66.7,66.7,66.7,66.7,66.7,66.7,66.7,66.7,66.7,66.7,66.7,66.7,66.7,66.7,66.7,66.7,66.7,66.7,66.7,66.7,66.7,66.7,66.7,66.7,66.7,66.7,66.7,66.7,66.7,66.7,66.7,100.0,66.7,66.7,66.7,66.7,66.7,66.7,66.7,66.7,66.7,66.7
2026-01-25 14:36:39,2.5,31.2,running,4.8,0.0,27.4,1.8,67.6,0.9,4.4,0.9,3.5,0.0,1.3,12.0,7.1,0.0,4.0,0.0,0.0,4.9,1.3,5.3,3.6,4.4,1.3,9.4,8.5,6.7,7.1,0.0,1.3,0.0,1.8,0.0,0.0,0.0,0.9,0.0,0.4,0.0,2.7,0.4,0.4,0.0,0.0,1.3,0.4,0.0,0.0,0.0,100.0,0.0,0.0,0.0,0.0,0.0,0.0,0.0,0.0,0.0,0.0,0.0,0.0,0.0,0.0,0.0,0.0,0.0,0.0,0.0,0.0,0.0,0.0,0.0,0.0,0.0,0.0,0.0,0.0,0.0,0.0,0.0,0.0,0.0,0.0,0.0,0.0,0.0,0.0,0.0,0.0,0.0,0.0,0.0,0.0,0.0,0.0,0.0
2026-01-25 14:36:43,2.8,56.2,running,5.3,1.3,39.2,2.6,39.8,0.9,7.1,0.0,3.6,0.9,1.8,0.4,3.1,0.0,0.4,0.0,0.9,0.0,0.0,0.0,1.3,0.0,0.0,1.3,2.2,1.3,4.0,0.0,0.4,0.0,1.8,13.3,1.8,0.0,0.9,0.0,0.0,0.0,0.4,0.0,0.9,0.0,0.4,1.3,0.9,0.0,2.2,0.0,0.0,0.0,0.0,0.0,0.0,0.0,0.0,0.0,0.0,0.0,0.0,0.0,0.0,0.0,0.0,0.0,0.0,0.0,0.0,0.0,0.0,0.0,0.0,0.0,0.0,0.0,0.0,0.0,0.0,0.0,0.0,0.0,0.0,0.0,0.0,0.0,0.0,0.0,0.0,0.0,0.0,0.0,0.0,0.0,0.0,0.0,0.0,0.0
2026-01-25 14:36:46,3.1,53.1,running,1.3,0.0,49.1,4.4,2.2,0.0,0.0,2.7,4.0,0.0,0.9,0.4,3.6,0.0,0.9,0.0,1.3,0.0,0.0,0.0,0.0,0.0,2.2,0.0,0.9,0.0,3.6,0.0,0.0,0.0,0.4,40.3,1.8,0.0,0.9,0.0,0.0,0.0,0.0,0.9,0.0,0.0,0.0,2.2,0.4,0.0,2.2,0.0,0.0,0.0,0.0,0.0,0.0,0.0,0.0,0.0,0.0,0.0,0.0,0.0,0.0,0.0,0.0,0.0,0.0,0.0,0.0,0.0,0.0,0.0,0.0,0.0,0.0,0.0,0.0,0.0,0.0,0.0,0.0,0.0,0.0,0.0,0.0,0.0,0.0,0.0,0.0,0.0,0.0,0.0,0.0,0.0,0.0,0.0,0.0,0.0
2026-01-25 14:36:50,38.7,6.2,running,37.8,21.3,58.2,22.6,37.6,19.5,36.9,20.8,32.4,20.8,35.7,21.2,35.4,22.6,36.3,22.9,34.8,22.1,35.6,21.7,34.4,22.2,33.8,19.6,36.0,15.9,32.4,18.1,25.2,19.0,25.2,41.5,24.2,16.1,23.2,24.3,19.6,24.3,20.3,23.8,23.1,22.6,23.0,24.6,26.7,24.3,34.7,23.3,0.0,0.0,0.0,0.0,0.0,0.0,0.0,0.0,0.0,0.0,0.0,0.0,0.0,0.0,0.0,0.0,0.0,0.0,0.0,0.0,0.0,0.0,0.0,0.0,0.0,0.0,0.0,0.0,0.0,0.0,0.0,0.0,0.0,0.0,0.0,0.0,0.0,0.0,0.0,0.0,0.0,0.0,0.0,0.0,0.0,0.0,0.0,0.0
2026-01-25 14:36:53,35.6,3.1,running,52.2,22.8,57.5,26.0,53.8,22.8,47.8,26.8,49.3,22.4,49.6,22.9,49.8,25.1,49.6,26.9,46.0,24.7,50.0,23.3,48.0,23.3,51.3,19.3,47.8,19.7,46.9,19.7,48.2,22.9,35.7,40.3,32.9,26.3,27.6,24.2,25.4,26.3,25.6,26.9,29.0,27.4,29.1,26.5,25.9,26.8,48.4,30.4,0.0,0.0,0.0,0.0,0.0,0.0,0.0,0.0,0.0,0.0,0.0,0.0,0.0,0.0,0.0,0.0,0.0,0.0,0.0,0.0,0.0,0.0,0.0,0.0,0.0,0.0,0.0,0.0,0.0,0.0,0.0,0.0,0.0,0.0,0.0,0.0,0.0,0.0,0.0,0.0,0.0,0.0,0.0,0.0,0.0,0.0,0.0,0.0
2026-01-25 14:36:57,25.0,6.2,running,50.7,32.9,64.4,32.3,54.2,33.2,53.3,31.9,54.4,32.3,54.2,32.7,53.8,34.1,50.4,37.4,53.8,33.2,54.9,33.5,53.8,31.7,49.3,30.1,50.2,30.8,50.4,27.9,46.2,32.3,41.8,47.6,43.1,38.1,44.6,33.2,34.5,36.4,40.5,36.3,37.3,37.2,35.4,37.6,38.2,36.7,49.8,42.5,0.0,0.0,0.0,0.0,0.0,0.0,0.0,0.0,0.0,0.0,0.0,0.0,0.0,0.0,0.0,0.0,0.0,0.0,0.0,0.0,0.0,0.0,0.0,0.0,0.0,0.0,0.0,0.0,0.0,0.0,0.0,0.0,0.0,0.0,0.0,0.0,0.0,0.0,0.0,0.0,0.0,0.0,0.0,0.0,0.0,0.0,0.0,0.0
2026-01-25 14:37:01,26.5,3.1,running,50.7,22.9,57.3,22.0,54.7,21.1,49.3,24.1,48.7,24.2,49.8,24.1,47.5,26.0,48.9,30.0,46.7,25.1,43.9,22.9,44.4,24.2,43.4,22.4,45.8,20.4,41.2,22.0,43.0,24.2,42.6,38.8,35.9,27.7,29.8,26.9,23.5,30.5,33.5,27.2,29.6,26.9,32.3,26.5,30.5,28.2,48.7,28.4,0.0,0.0,0.0,0.0,0.0,0.0,0.0,0.0,0.0,0.0,0.0,0.0,0.0,0.0,0.0,0.0,0.0,0.0,0.0,0.0,0.0,0.0,0.0,0.0,0.0,0.0,0.0,0.0,0.0,0.0,0.0,0.0,0.0,0.0,0.0,0.0,0.0,0.0,0.0,0.0,0.0,0.0,0.0,0.0,0.0,0.0,0.0,0.0
2026-01-25 14:37:04,52.6,9.4,running,52.0,37.2,69.8,35.2,58.9,36.0,56.6,34.2,51.3,36.1,57.1,35.0,53.5,38.8,50.0,38.9,55.8,37.6,55.3,37.6,49.6,34.5,53.3,31.4,56.2,31.7,50.4,30.5,47.1,35.0,45.4,51.8,41.6,38.3,38.4,42.0,37.1,36.7,39.8,41.9,38.1,44.2,45.6,40.2,42.5,37.9,54.2,39.6,0.0,0.0,0.0,0.0,0.0,0.0,0.0,0.0,0.0,0.0,0.0,0.0,0.0,0.0,0.0,0.0,0.0,0.0,0.0,0.0,0.0,0.0,0.0,0.0,0.0,0.0,0.0,0.0,0.0,0.0,0.0,0.0,0.0,0.0,0.0,0.0,0.0,0.0,0.0,0.0,0.0,0.0,0.0,0.0,0.0,0.0,0.0,0.0
2026-01-25 14:37:08,12.6,9.4,running,40.4,22.0,51.6,16.6,43.0,15.7,41.5,17.0,32.4,17.3,37.2,16.6,40.2,18.2,39.9,17.4,33.6,19.6,39.9,18.8,44.8,17.0,42.0,16.6,45.3,17.3,43.8,15.2,39.3,17.5,30.5,38.4,35.0,20.6,25.3,21.0,24.7,21.4,24.5,23.8,28.3,21.9,24.2,19.6,25.9,19.3,39.0,20.2,0.0,0.0,0.0,0.0,0.0,0.0,0.0,0.0,0.0,0.0,0.0,0.0,0.0,0.0,0.0,0.0,0.0,0.0,0.0,0.0,0.0,0.0,0.0,0.0,0.0,0.0,0.0,0.0,0.0,0.0,0.0,0.0,0.0,0.0,0.0,0.0,0.0,0.0,0.0,0.0,0.0,0.0,0.0,0.0,0.0,0.0,0.0,0.0
2026-01-25 14:37:11,25.6,0.0,running,53.1,30.4,61.8,28.1,50.0,27.2,50.2,28.3,48.2,31.8,55.1,29.2,50.7,30.8,48.0,30.0,49.1,30.4,47.8,27.4,46.2,25.9,52.0,23.7,54.6,24.0,52.2,26.2,45.8,27.6,48.9,40.8,41.3,31.1,35.6,28.6,35.8,33.9,32.8,36.2,37.9,36.3,39.3,33.3,37.0,33.0,49.1,33.2,0.0,0.0,0.0,0.0,0.0,0.0,0.0,0.0,0.0,0.0,0.0,0.0,0.0,0.0,0.0,0.0,0.0,0.0,0.0,0.0,0.0,0.0,0.0,0.0,0.0,0.0,0.0,0.0,0.0,0.0,0.0,0.0,0.0,0.0,0.0,0.0,0.0,0.0,0.0,0.0,0.0,0.0,0.0,0.0,0.0,0.0,0.0,0.0
2026-01-25 14:37:15,53.2,3.1,running,48.9,44.4,73.9,38.2,60.3,39.6,61.4,36.0,53.1,38.7,63.8,35.3,54.9,38.9,60.4,42.9,58.0,35.1,55.6,38.3,59.6,37.0,55.1,33.2,56.6,30.7,56.4,34.1,56.9,39.6,52.5,54.5,50.9,39.6,50.2,40.6,54.9,45.8,52.2,39.6,47.1,40.0,49.1,43.8,47.8,43.1,44.8,47.3,0.0,0.0,0.0,0.0,0.0,0.0,0.0,0.0,0.0,0.0,0.0,0.0,0.0,0.0,0.0,0.0,0.0,0.0,0.0,0.0,0.0,0.0,0.0,0.0,0.0,0.0,0.0,0.0,0.0,0.0,0.0,0.0,0.0,0.0,0.0,0.0,0.0,0.0,0.0,0.0,0.0,0.0,0.0,0.0,0.0,0.0,0.0,0.0
2026-01-25 14:37:18,25.3,3.1,running,59.2,38.5,70.9,38.5,68.9,38.9,52.4,38.5,48.9,35.2,59.7,35.0,54.7,40.0,54.9,43.6,54.4,39.4,60.2,37.8,57.3,36.4,56.0,33.8,52.4,35.4,53.1,35.0,52.7,34.6,46.9,49.3,48.0,42.9,47.1,42.7,36.1,47.8,42.9,47.3,45.4,43.8,46.9,44.9,46.0,44.7,55.8,43.4,0.0,0.0,0.0,0.0,0.0,0.0,0.0,0.0,0.0,0.0,0.0,0.0,0.0,0.0,0.0,0.0,0.0,0.0,0.0,0.0,0.0,0.0,0.0,0.0,0.0,0.0,0.0,0.0,0.0,0.0,0.0,0.0,0.0,0.0,0.0,0.0,0.0,0.0,0.0,0.0,0.0,0.0,0.0,0.0,0.0,0.0,0.0,0.0
2026-01-25 14:37:22,36.2,9.4,running,46.0,24.1,58.4,24.1,54.2,25.7,47.8,22.8,45.8,22.8,48.9,27.7,49.1,25.4,46.9,29.0,47.3,25.0,47.3,26.8,45.5,23.7,47.8,23.5,48.9,20.0,51.1,21.4,48.2,21.9,43.3,28.9,44.0,27.1,39.6,28.0,32.4,26.7,29.8,27.6,33.8,26.7,29.8,29.2,26.7,27.6,48.0,26.7,0.0,0.0,0.0,0.0,0.0,0.0,0.0,0.0,0.0,0.0,0.0,0.0,0.0,0.0,0.0,0.0,0.0,0.0,0.0,0.0,0.0,0.0,0.0,0.0,0.0,0.0,0.0,0.0,0.0,0.0,0.0,0.0,0.0,0.0,0.0,0.0,0.0,0.0,0.0,0.0,0.0,0.0,0.0,0.0,0.0,0.0,0.0,0.0
2026-01-25 14:37:25,38.1,6.2,running,53.9,23.6,60.7,25.8,59.6,23.1,51.6,25.0,52.0,25.0,52.2,27.2,53.8,29.0,48.9,31.7,47.6,28.6,54.4,26.3,49.6,25.4,47.1,25.9,51.6,22.8,50.4,21.9,43.1,29.8,34.2,39.6,35.4,33.5,29.1,35.7,33.0,30.8,32.0,36.2,36.3,30.8,36.0,32.6,40.4,32.1,46.0,37.8,0.0,0.0,0.0,0.0,0.0,0.0,0.0,0.0,0.0,0.0,0.0,0.0,0.0,0.0,0.0,0.0,0.0,0.0,0.0,0.0,0.0,0.0,0.0,0.0,0.0,0.0,0.0,0.0,0.0,0.0,0.0,0.0,0.0,0.0,0.0,0.0,0.0,0.0,0.0,0.0,0.0,0.0,0.0,0.0,0.0,0.0,0.0,0.0
2026-01-25 14:37:29,28.8,6.2,running,55.2,24.2,64.3,25.1,57.8,27.3,55.8,23.1,50.9,27.8,46.4,27.4,51.3,24.7,47.8,28.3,51.1,27.4,53.4,31.0,50.2,24.2,51.3,22.7,53.1,24.6,51.8,24.2,42.4,24.4,35.0,36.0,29.9,34.3,30.2,31.9,29.1,30.2,31.7,29.7,30.0,37.7,30.0,28.6,33.3,31.8,48.7,32.4,0.0,0.0,0.0,0.0,0.0,0.0,0.0,0.0,0.0,0.0,0.0,0.0,0.0,0.0,0.0,0.0,0.0,0.0,0.0,0.0,0.0,0.0,0.0,0.0,0.0,0.0,0.0,0.0,0.0,0.0,0.0,0.0,0.0,0.0,0.0,0.0,0.0,0.0,0.0,0.0,0.0,0.0,0.0,0.0,0.0,0.0,0.0,0.0
2026-01-25 14:37:32,54.4,6.2,running,50.9,24.2,60.7,22.3,57.3,25.3,46.3,25.2,42.3,21.5,42.0,25.1,46.9,25.4,46.1,30.4,43.6,23.9,46.9,23.5,43.4,28.0,49.6,20.4,51.3,20.2,51.8,19.8,49.1,22.1,46.0,26.1,41.2,26.9,37.0,24.4,35.0,29.6,35.4,26.4,31.7,26.9,33.5,29.2,31.1,29.7,46.3,30.4,0.0,0.0,0.0,0.0,0.0,0.0,0.0,0.0,0.0,0.0,0.0,0.0,0.0,0.0,0.0,0.0,0.0,0.0,0.0,0.0,0.0,0.0,0.0,0.0,0.0,0.0,0.0,0.0,0.0,0.0,0.0,0.0,0.0,0.0,0.0,0.0,0.0,0.0,0.0,0.0,0.0,0.0,0.0,0.0,0.0,0.0,0.0,0.0
2026-01-25 14:37:36,15.1,6.2,running,49.8,20.6,58.6,21.0,58.2,23.4,50.4,23.8,43.8,24.1,39.6,27.7,45.5,24.2,49.8,26.0,50.0,22.1,47.1,20.2,48.2,16.6,46.9,18.9,40.4,18.8,39.4,18.4,37.5,20.5,32.4,26.3,32.4,28.7,23.7,23.3,23.2,29.5,28.6,23.8,25.6,28.6,34.8,25.0,37.1,22.9,46.0,26.9,0.0,0.0,0.0,0.0,0.0,0.0,0.0,0.0,0.0,0.0,0.0,0.0,0.0,0.0,0.0,0.0,0.0,0.0,0.0,0.0,0.0,0.0,0.0,0.0,0.0,0.0,0.0,0.0,0.0,0.0,0.0,0.0,0.0,0.0,0.0,0.0,0.0,0.0,0.0,0.0,0.0,0.0,0.0,0.0,0.0,0.0,0.0,0.0
2026-01-25 14:37:39,14.1,6.2,running,57.3,26.8,65.7,25.4,58.7,25.8,50.0,27.1,53.1,27.7,54.9,28.9,49.1,27.9,51.3,28.6,50.9,27.1,55.1,27.2,48.7,25.9,49.1,24.4,51.1,26.8,49.8,24.0,48.2,25.1,39.3,42.9,41.1,32.0,38.8,32.6,36.6,37.7,33.2,32.9,32.1,32.3,32.4,31.1,34.8,31.1,51.8,33.3,0.0,0.0,0.0,0.0,0.0,0.0,0.0,0.0,0.0,0.0,0.0,0.0,0.0,0.0,0.0,0.0,0.0,0.0,0.0,0.0,0.0,0.0,0.0,0.0,0.0,0.0,0.0,0.0,0.0,0.0,0.0,0.0,0.0,0.0,0.0,0.0,0.0,0.0,0.0,0.0,0.0,0.0,0.0,0.0,0.0,0.0,0.0,0.0
2026-01-25 14:37:43,20.7,3.1,running,45.8,19.0,51.1,16.8,41.2,18.1,43.1,17.8,33.8,18.1,41.8,18.1,39.1,22.1,42.2,24.3,43.4,19.0,42.9,17.7,45.3,15.5,44.4,19.0,46.7,15.5,47.1,14.6,44.4,18.6,36.9,34.9,31.0,19.0,23.9,20.8,24.9,20.4,26.1,19.9,25.7,19.9,27.4,20.4,27.3,19.6,45.3,29.1,0.0,0.0,0.0,0.0,0.0,0.0,0.0,0.0,0.0,0.0,0.0,0.0,0.0,0.0,0.0,0.0,0.0,0.0,0.0,0.0,0.0,0.0,0.0,0.0,0.0,0.0,0.0,0.0,0.0,0.0,0.0,0.0,0.0,0.0,0.0,0.0,0.0,0.0,0.0,0.0,0.0,0.0,0.0,0.0,0.0,0.0,0.0,0.0
2026-01-25 14:37:46,39.2,9.4,running,52.2,25.7,59.5,26.1,50.4,26.3,49.3,27.2,50.4,25.9,42.9,26.0,50.0,25.1,52.0,26.5,48.2,26.5,47.3,28.6,48.7,22.0,50.0,22.0,51.3,23.8,49.1,22.9,50.4,22.9,44.6,36.3,37.5,29.7,42.4,28.8,34.8,29.1,34.7,27.4,35.3,30.5,39.1,28.7,33.9,31.1,47.8,33.6,0.0,0.0,0.0,0.0,0.0,0.0,0.0,0.0,0.0,0.0,0.0,0.0,0.0,0.0,0.0,0.0,0.0,0.0,0.0,0.0,0.0,0.0,0.0,0.0,0.0,0.0,0.0,0.0,0.0,0.0,0.0,0.0,0.0,0.0,0.0,0.0,0.0,0.0,0.0,0.0,0.0,0.0,0.0,0.0,0.0,0.0,0.0,0.0
2026-01-25 14:37:50,32.2,9.4,running,45.1,20.3,57.3,22.4,45.3,21.2,47.8,23.6,46.5,23.6,44.2,22.1,40.0,28.8,42.2,28.3,45.8,24.3,48.9,23.5,45.8,19.9,42.2,19.9,45.3,20.7,46.0,19.9,42.2,21.1,40.4,38.1,36.3,24.2,33.2,23.2,31.6,25.2,30.2,28.8,33.8,31.9,33.8,25.7,32.4,26.4,46.5,26.1,0.0,0.0,0.0,0.0,0.0,0.0,0.0,0.0,0.0,0.0,0.0,0.0,0.0,0.0,0.0,0.0,0.0,0.0,0.0,0.0,0.0,0.0,0.0,0.0,0.0,0.0,0.0,0.0,0.0,0.0,0.0,0.0,0.0,0.0,0.0,0.0,0.0,0.0,0.0,0.0,0.0,0.0,0.0,0.0,0.0,0.0,0.0,0.0
2026-01-25 14:37:53,17.6,0.0,running,45.5,27.2,60.9,25.9,50.9,26.8,50.0,26.8,47.8,27.2,48.7,27.7,48.2,28.1,47.1,29.9,46.4,31.7,48.7,27.1,50.4,25.9,48.4,24.0,43.1,24.6,45.6,21.4,43.3,23.2,33.5,46.0,40.2,33.0,41.5,32.3,35.8,32.6,32.1,31.2,35.7,30.8,33.0,31.2,32.1,32.1,48.0,33.6,0.0,0.0,0.0,0.0,0.0,0.0,0.0,0.0,0.0,0.0,0.0,0.0,0.0,0.0,0.0,0.0,0.0,0.0,0.0,0.0,0.0,0.0,0.0,0.0,0.0,0.0,0.0,0.0,0.0,0.0,0.0,0.0,0.0,0.0,0.0,0.0,0.0,0.0,0.0,0.0,0.0,0.0,0.0,0.0,0.0,0.0,0.0,0.0
2026-01-25 14:37:57,50.7,6.2,running,54.5,34.1,66.2,34.4,61.0,35.3,61.6,35.4,56.2,34.4,60.1,34.8,58.9,36.9,53.6,36.6,57.1,36.2,58.7,35.0,54.3,30.4,51.6,33.0,51.3,31.4,53.6,33.6,52.7,30.5,49.3,49.3,44.8,41.5,42.6,39.7,41.7,39.3,38.6,39.7,39.9,41.5,40.8,40.2,40.4,39.7,53.6,47.1,0.0,0.0,0.0,0.0,0.0,0.0,0.0,0.0,0.0,0.0,0.0,0.0,0.0,0.0,0.0,0.0,0.0,0.0,0.0,0.0,0.0,0.0,0.0,0.0,0.0,0.0,0.0,0.0,0.0,0.0,0.0,0.0,0.0,0.0,0.0,0.0,0.0,0.0,0.0,0.0,0.0,0.0,0.0,0.0,0.0,0.0,0.0,0.0
2026-01-25 14:38:00,36.8,9.4,running,47.3,23.2,55.4,22.9,48.9,22.3,50.7,24.1,50.0,22.8,47.6,23.1,51.1,23.6,50.7,24.1,52.0,24.1,49.6,22.2,46.7,24.2,47.6,20.1,37.9,19.6,37.1,22.2,37.9,22.3,30.0,36.7,21.3,22.9,23.6,25.0,24.6,25.1,23.6,38.6,32.0,25.0,34.4,26.8,35.4,27.1,43.5,26.2,0.0,0.0,0.0,0.0,0.0,0.0,0.0,0.0,0.0,0.0,0.0,0.0,0.0,0.0,0.0,0.0,0.0,0.0,0.0,0.0,0.0,0.0,0.0,0.0,0.0,0.0,0.0,0.0,0.0,0.0,0.0,0.0,0.0,0.0,0.0,0.0,0.0,0.0,0.0,0.0,0.0,0.0,0.0,0.0,0.0,0.0,0.0,0.0
2026-01-25 14:38:04,36.4,6.2,running,55.9,36.9,67.4,35.7,56.7,36.2,56.6,36.4,56.7,35.7,56.2,39.0,56.6,38.1,54.7,37.1,55.1,36.8,53.8,34.1,57.6,30.8,57.3,28.9,55.6,28.6,54.2,30.8,52.7,34.2,44.0,50.2,40.9,41.3,39.6,42.5,40.9,40.7,40.3,41.2,38.5,40.2,38.9,40.9,38.7,39.6,51.6,41.5,0.0,0.0,0.0,0.0,0.0,0.0,0.0,0.0,0.0,0.0,0.0,0.0,0.0,0.0,0.0,0.0,0.0,0.0,0.0,0.0,0.0,0.0,0.0,0.0,0.0,0.0,0.0,0.0,0.0,0.0,0.0,0.0,0.0,0.0,0.0,0.0,0.0,0.0,0.0,0.0,0.0,0.0,0.0,0.0,0.0,0.0,0.0,0.0
2026-01-25 14:38:07,38.6,6.2,running,56.6,32.9,65.8,35.4,55.6,36.8,55.2,36.6,55.4,38.4,57.4,37.1,56.7,36.9,58.0,39.1,58.0,37.1,55.4,36.0,55.8,35.3,50.2,34.5,48.0,38.7,56.5,31.4,50.7,34.2,44.2,50.7,43.3,43.8,42.0,43.1,44.9,40.9,45.8,42.7,39.1,43.3,41.3,43.3,40.9,42.6,48.4,48.2,0.0,0.0,0.0,0.0,0.0,0.0,0.0,0.0,0.0,0.0,0.0,0.0,0.0,0.0,0.0,0.0,0.0,0.0,0.0,0.0,0.0,0.0,0.0,0.0,0.0,0.0,0.0,0.0,0.0,0.0,0.0,0.0,0.0,0.0,0.0,0.0,0.0,0.0,0.0,0.0,0.0,0.0,0.0,0.0,0.0,0.0,0.0,0.0
2026-01-25 14:38:11,52.0,3.1,running,59.8,35.7,71.2,37.1,59.6,36.0,61.2,36.2,60.0,36.0,61.7,37.8,59.4,37.3,54.0,39.6,57.6,40.3,56.7,38.2,54.7,36.0,53.8,35.4,50.0,35.0,52.4,33.3,52.9,33.8,42.1,56.0,40.9,41.1,43.8,42.6,33.5,46.6,42.9,43.3,37.9,42.4,42.2,41.3,40.6,44.7,53.1,43.6,0.0,0.0,0.0,0.0,0.0,0.0,0.0,0.0,0.0,0.0,0.0,0.0,0.0,0.0,0.0,0.0,0.0,0.0,0.0,0.0,0.0,0.0,0.0,0.0,0.0,0.0,0.0,0.0,0.0,0.0,0.0,0.0,0.0,0.0,0.0,0.0,0.0,0.0,0.0,0.0,0.0,0.0,0.0,0.0,0.0,0.0,0.0,0.0
2026-01-25 14:38:14,51.0,0.0,running,55.8,34.5,65.8,32.9,55.3,32.9,53.3,30.4,54.4,33.2,50.4,32.7,53.5,35.1,55.5,34.7,52.2,36.0,48.7,37.6,57.9,32.0,54.2,30.2,52.2,34.6,55.5,27.1,53.7,30.1,48.9,47.1,42.7,37.9,44.0,37.6,39.6,36.3,37.3,37.6,38.7,37.6,38.7,39.9,38.7,38.8,54.2,39.8,0.0,0.0,0.0,0.0,0.0,0.0,0.0,0.0,0.0,0.0,0.0,0.0,0.0,0.0,0.0,0.0,0.0,0.0,0.0,0.0,0.0,0.0,0.0,0.0,0.0,0.0,0.0,0.0,0.0,0.0,0.0,0.0,0.0,0.0,0.0,0.0,0.0,0.0,0.0,0.0,0.0,0.0,0.0,0.0,0.0,0.0,0.0,0.0
2026-01-25 14:38:18,67.4,3.1,running,65.5,40.9,71.0,41.3,60.3,41.3,62.5,41.2,58.0,39.7,57.1,41.5,58.9,42.4,55.1,42.4,60.7,42.0,62.2,41.5,61.8,37.3,60.3,33.9,56.2,34.7,60.7,34.8,52.2,40.2,52.0,57.3,49.8,45.9,44.4,50.7,40.4,47.3,42.2,46.8,41.8,48.0,43.1,48.2,41.3,48.7,54.2,46.4,0.0,0.0,0.0,0.0,0.0,0.0,0.0,0.0,0.0,0.0,0.0,0.0,0.0,0.0,0.0,0.0,0.0,0.0,0.0,0.0,0.0,0.0,0.0,0.0,0.0,0.0,0.0,0.0,0.0,0.0,0.0,0.0,0.0,0.0,0.0,0.0,0.0,0.0,0.0,0.0,0.0,0.0,0.0,0.0,0.0,0.0,0.0,0.0
2026-01-25 14:38:21,28.5,3.1,running,49.1,27.8,59.7,26.5,53.3,26.8,49.1,28.7,52.2,26.8,52.2,30.8,52.7,27.7,49.8,31.4,48.7,27.2,50.0,27.7,48.7,26.7,47.3,25.9,52.0,23.2,46.7,25.4,49.6,26.3,42.0,44.1,40.0,33.2,40.6,30.4,34.8,32.0,31.2,32.3,30.4,32.0,32.1,31.8,30.8,32.1,48.2,34.1,0.0,0.0,0.0,0.0,0.0,0.0,0.0,0.0,0.0,0.0,0.0,0.0,0.0,0.0,0.0,0.0,0.0,0.0,0.0,0.0,0.0,0.0,0.0,0.0,0.0,0.0,0.0,0.0,0.0,0.0,0.0,0.0,0.0,0.0,0.0,0.0,0.0,0.0,0.0,0.0,0.0,0.0,0.0,0.0,0.0,0.0,0.0,0.0
2026-01-25 14:38:25,61.1,9.4,running,54.4,30.4,60.5,27.3,57.5,28.1,56.4,29.8,48.9,29.9,53.8,30.8,56.4,29.9,56.0,30.7,54.0,29.5,48.4,30.8,50.2,26.8,48.4,27.2,41.8,26.8,47.6,27.6,41.6,27.7,37.8,42.0,31.1,32.7,34.8,34.2,30.9,32.9,29.9,39.3,37.9,36.3,37.3,34.7,40.0,33.9,50.4,36.9,0.0,0.0,0.0,0.0,0.0,0.0,0.0,0.0,0.0,0.0,0.0,0.0,0.0,0.0,0.0,0.0,0.0,0.0,0.0,0.0,0.0,0.0,0.0,0.0,0.0,0.0,0.0,0.0,0.0,0.0,0.0,0.0,0.0,0.0,0.0,0.0,0.0,0.0,0.0,0.0,0.0,0.0,0.0,0.0,0.0,0.0,0.0,0.0
2026-01-25 14:38:28,40.1,6.2,running,48.4,24.3,60.4,18.7,52.4,20.8,51.8,21.6,52.0,20.4,50.7,20.3,50.2,22.0,50.7,22.5,49.3,22.5,46.9,21.6,44.9,20.7,40.9,22.4,44.4,18.5,49.8,18.5,44.7,19.3,28.8,40.4,26.7,22.1,24.2,23.9,28.9,22.1,23.9,27.4,27.2,25.8,29.2,25.9,28.4,25.1,47.3,34.1,0.0,0.0,0.0,0.0,0.0,0.0,0.0,0.0,0.0,0.0,0.0,0.0,0.0,0.0,0.0,0.0,0.0,0.0,0.0,0.0,0.0,0.0,0.0,0.0,0.0,0.0,0.0,0.0,0.0,0.0,0.0,0.0,0.0,0.0,0.0,0.0,0.0,0.0,0.0,0.0,0.0,0.0,0.0,0.0,0.0,0.0,0.0,0.0
2026-01-25 14:38:32,35.6,6.2,running,52.9,25.2,61.4,27.1,53.3,27.1,52.0,27.6,52.9,25.7,48.7,27.7,50.9,28.1,53.5,28.1,49.1,28.6,52.7,28.1,52.2,25.4,50.4,24.0,43.8,29.1,41.8,25.0,40.2,25.9,33.9,44.0,26.8,31.7,31.0,31.7,26.8,33.5,31.2,33.0,33.9,29.9,33.5,29.9,27.7,31.2,46.0,31.7,0.0,0.0,0.0,0.0,0.0,0.0,0.0,0.0,0.0,0.0,0.0,0.0,0.0,0.0,0.0,0.0,0.0,0.0,0.0,0.0,0.0,0.0,0.0,0.0,0.0,0.0,0.0,0.0,0.0,0.0,0.0,0.0,0.0,0.0,0.0,0.0,0.0,0.0,0.0,0.0,0.0,0.0,0.0,0.0,0.0,0.0,0.0,0.0
2026-01-25 14:38:35,38.1,3.1,running,56.0,28.4,63.8,28.4,56.4,29.5,49.8,30.2,52.2,32.0,54.0,30.7,53.5,32.0,54.9,31.6,53.7,32.4,54.2,29.3,54.7,26.7,52.9,24.4,50.4,26.5,48.9,25.8,43.6,32.0,41.3,43.9,39.1,32.0,39.1,32.4,32.0,35.6,35.6,33.3,34.1,31.6,34.7,34.1,36.3,33.8,50.4,36.0,0.0,0.0,0.0,0.0,0.0,0.0,0.0,0.0,0.0,0.0,0.0,0.0,0.0,0.0,0.0,0.0,0.0,0.0,0.0,0.0,0.0,0.0,0.0,0.0,0.0,0.0,0.0,0.0,0.0,0.0,0.0,0.0,0.0,0.0,0.0,0.0,0.0,0.0,0.0,0.0,0.0,0.0,0.0,0.0,0.0,0.0,0.0,0.0
2026-01-25 14:38:39,39.6,0.0,running,62.3,42.9,73.2,41.3,60.1,40.5,60.5,41.8,62.5,40.6,61.4,42.6,58.3,42.2,61.7,41.9,53.6,41.7,57.4,41.7,52.9,38.1,54.9,37.7,55.0,35.0,53.1,37.7,53.6,38.1,51.3,53.1,45.3,44.4,54.3,46.2,43.5,43.9,45.3,47.1,43.3,45.3,45.9,49.6,48.2,44.8,54.7,51.1,0.0,0.0,0.0,0.0,0.0,0.0,0.0,0.0,0.0,0.0,0.0,0.0,0.0,0.0,0.0,0.0,0.0,0.0,0.0,0.0,0.0,0.0,0.0,0.0,0.0,0.0,0.0,0.0,0.0,0.0,0.0,0.0,0.0,0.0,0.0,0.0,0.0,0.0,0.0,0.0,0.0,0.0,0.0,0.0,0.0,0.0,0.0,0.0
2026-01-25 14:38:42,35.6,6.2,running,66.7,53.8,79.5,52.4,64.2,48.9,66.2,52.7,64.3,52.7,62.4,51.3,62.6,54.6,69.6,53.5,69.0,53.3,67.7,52.4,69.9,46.2,67.6,44.7,63.6,45.8,67.1,45.8,60.0,48.4,59.6,62.7,54.4,57.8,60.2,56.0,52.4,60.0,56.0,59.6,51.3,58.0,56.1,58.7,57.3,56.0,61.5,58.4,0.0,0.0,0.0,0.0,0.0,0.0,0.0,0.0,0.0,0.0,0.0,0.0,0.0,0.0,0.0,0.0,0.0,0.0,0.0,0.0,0.0,0.0,0.0,0.0,0.0,0.0,0.0,0.0,0.0,0.0,0.0,0.0,0.0,0.0,0.0,0.0,0.0,0.0,0.0,0.0,0.0,0.0,0.0,0.0,0.0,0.0,0.0,0.0
2026-01-25 14:38:46,61.3,3.1,running,58.6,31.6,67.0,30.4,59.2,30.5,54.7,31.2,50.9,30.8,54.0,34.2,55.6,34.4,54.7,33.8,54.7,33.0,57.8,32.3,54.9,27.2,52.0,27.8,52.4,30.5,52.7,28.1,54.0,28.3,45.3,45.3,37.6,37.1,37.3,36.8,30.8,38.1,37.2,36.6,36.6,36.8,35.7,35.7,37.5,36.8,52.4,40.4,0.0,0.0,0.0,0.0,0.0,0.0,0.0,0.0,0.0,0.0,0.0,0.0,0.0,0.0,0.0,0.0,0.0,0.0,0.0,0.0,0.0,0.0,0.0,0.0,0.0,0.0,0.0,0.0,0.0,0.0,0.0,0.0,0.0,0.0,0.0,0.0,0.0,0.0,0.0,0.0,0.0,0.0,0.0,0.0,0.0,0.0,0.0,0.0
2026-01-25 14:38:49,25.0,9.4,running,44.4,19.2,53.7,15.7,44.2,16.0,47.3,16.1,44.9,16.1,45.8,15.2,44.0,14.7,45.1,17.4,46.5,17.4,46.7,15.2,43.8,16.1,46.7,13.8,44.0,13.4,47.3,13.0,43.1,15.6,25.3,32.9,18.2,18.4,17.3,19.2,17.0,20.5,21.2,18.4,14.7,16.5,19.0,17.9,17.0,17.9,42.2,19.7,0.0,0.0,0.0,0.0,0.0,0.0,0.0,0.0,0.0,0.0,0.0,0.0,0.0,0.0,0.0,0.0,0.0,0.0,0.0,0.0,0.0,0.0,0.0,0.0,0.0,0.0,0.0,0.0,0.0,0.0,0.0,0.0,0.0,0.0,0.0,0.0,0.0,0.0,0.0,0.0,0.0,0.0,0.0,0.0,0.0,0.0,0.0,0.0
2026-01-25 14:38:53,38.6,3.1,running,59.1,38.2,73.1,39.6,61.8,39.3,57.1,42.9,56.6,40.4,51.6,42.0,56.2,43.9,54.5,43.4,57.4,41.0,57.8,38.9,58.7,37.2,60.5,34.1,58.5,32.1,61.2,33.0,55.8,35.1,49.3,54.0,45.7,42.9,49.6,44.9,45.8,44.2,45.7,42.9,42.2,48.4,41.7,46.0,45.1,44.9,56.2,45.6,0.0,0.0,0.0,0.0,0.0,0.0,0.0,0.0,0.0,0.0,0.0,0.0,0.0,0.0,0.0,0.0,0.0,0.0,0.0,0.0,0.0,0.0,0.0,0.0,0.0,0.0,0.0,0.0,0.0,0.0,0.0,0.0,0.0,0.0,0.0,0.0,0.0,0.0,0.0,0.0,0.0,0.0,0.0,0.0,0.0,0.0,0.0,0.0
2026-01-25 14:38:56,36.7,3.1,running,48.7,29.0,61.6,28.6,46.4,29.8,51.3,28.6,47.1,29.3,48.7,28.3,50.2,27.9,50.2,29.8,48.0,29.9,47.6,28.6,49.6,31.2,50.9,26.3,54.5,24.3,51.8,24.2,46.0,28.9,40.6,44.2,37.3,33.2,38.8,31.1,36.4,31.9,36.7,32.7,36.3,36.4,40.0,33.0,42.2,31.1,52.4,33.0,0.0,0.0,0.0,0.0,0.0,0.0,0.0,0.0,0.0,0.0,0.0,0.0,0.0,0.0,0.0,0.0,0.0,0.0,0.0,0.0,0.0,0.0,0.0,0.0,0.0,0.0,0.0,0.0,0.0,0.0,0.0,0.0,0.0,0.0,0.0,0.0,0.0,0.0,0.0,0.0,0.0,0.0,0.0,0.0,0.0,0.0,0.0,0.0
2026-01-25 14:39:00,46.3,3.1,running,56.5,35.7,67.7,34.5,50.7,35.4,57.1,35.8,53.8,36.8,55.4,37.7,53.1,37.7,58.2,37.5,58.0,37.1,50.9,37.2,52.9,32.6,50.0,33.0,48.4,31.4,48.9,30.5,50.2,32.7,38.5,46.9,40.4,38.1,44.6,39.0,41.2,36.6,42.7,38.6,39.4,42.2,45.3,38.4,46.7,38.1,50.7,41.2,0.0,0.0,0.0,0.0,0.0,0.0,0.0,0.0,0.0,0.0,0.0,0.0,0.0,0.0,0.0,0.0,0.0,0.0,0.0,0.0,0.0,0.0,0.0,0.0,0.0,0.0,0.0,0.0,0.0,0.0,0.0,0.0,0.0,0.0,0.0,0.0,0.0,0.0,0.0,0.0,0.0,0.0,0.0,0.0,0.0,0.0,0.0,0.0
2026-01-25 14:39:03,36.3,6.2,running,52.2,19.7,58.9,18.8,52.2,19.7,51.6,20.7,49.3,19.2,46.9,19.6,48.0,20.9,48.0,19.6,49.3,18.8,46.2,18.8,47.3,18.4,49.6,17.4,46.4,17.3,46.4,18.2,42.0,18.8,34.8,36.8,29.9,23.2,26.1,25.0,21.4,20.5,20.5,21.9,23.2,23.1,24.0,23.3,23.7,22.3,46.2,26.0,0.0,0.0,0.0,0.0,0.0,0.0,0.0,0.0,0.0,0.0,0.0,0.0,0.0,0.0,0.0,0.0,0.0,0.0,0.0,0.0,0.0,0.0,0.0,0.0,0.0,0.0,0.0,0.0,0.0,0.0,0.0,0.0,0.0,0.0,0.0,0.0,0.0,0.0,0.0,0.0,0.0,0.0,0.0,0.0,0.0,0.0,0.0,0.0
2026-01-25 14:39:07,39.2,0.0,running,54.9,32.7,67.4,31.0,58.9,32.6,58.0,33.2,51.3,33.2,53.1,33.2,56.2,33.6,54.7,34.1,51.1,35.0,52.4,33.2,51.3,33.2,50.9,29.2,48.4,28.4,48.4,28.8,43.3,32.2,40.2,45.8,38.7,37.4,37.9,38.5,39.8,36.9,37.9,38.2,39.7,39.4,42.4,35.0,42.7,38.1,52.0,37.6,0.0,0.0,0.0,0.0,0.0,0.0,0.0,0.0,0.0,0.0,0.0,0.0,0.0,0.0,0.0,0.0,0.0,0.0,0.0,0.0,0.0,0.0,0.0,0.0,0.0,0.0,0.0,0.0,0.0,0.0,0.0,0.0,0.0,0.0,0.0,0.0,0.0,0.0,0.0,0.0,0.0,0.0,0.0,0.0,0.0,0.0,0.0,0.0
2026-01-25 14:39:10,14.6,9.4,running,46.9,15.7,56.8,14.8,48.0,13.5,48.2,15.1,40.6,15.2,39.3,12.1,36.6,17.9,43.3,19.3,44.4,16.5,47.1,14.7,46.0,14.3,46.9,13.0,42.6,14.8,43.8,13.9,42.9,13.9,32.7,29.9,21.1,14.4,18.2,17.5,17.8,14.8,16.4,17.0,20.2,14.3,19.3,14.3,24.4,15.2,46.5,21.5,0.0,0.0,0.0,0.0,0.0,0.0,0.0,0.0,0.0,0.0,0.0,0.0,0.0,0.0,0.0,0.0,0.0,0.0,0.0,0.0,0.0,0.0,0.0,0.0,0.0,0.0,0.0,0.0,0.0,0.0,0.0,0.0,0.0,0.0,0.0,0.0,0.0,0.0,0.0,0.0,0.0,0.0,0.0,0.0,0.0,0.0,0.0,0.0
2026-01-25 14:39:14,24.7,6.2,running,49.8,24.1,61.6,27.7,50.0,24.9,52.9,24.7,52.0,24.6,49.8,25.4,52.0,25.9,48.0,27.2,51.3,25.1,52.5,23.2,46.4,22.3,47.3,21.8,44.9,20.1,41.7,20.1,34.5,23.7,32.7,40.3,33.2,28.0,37.8,28.9,24.1,31.2,31.2,28.6,27.6,30.2,31.7,29.8,35.9,27.7,48.9,30.7,0.0,0.0,0.0,0.0,0.0,0.0,0.0,0.0,0.0,0.0,0.0,0.0,0.0,0.0,0.0,0.0,0.0,0.0,0.0,0.0,0.0,0.0,0.0,0.0,0.0,0.0,0.0,0.0,0.0,0.0,0.0,0.0,0.0,0.0,0.0,0.0,0.0,0.0,0.0,0.0,0.0,0.0,0.0,0.0,0.0,0.0,0.0,0.0
2026-01-25 14:39:17,38.7,9.4,running,44.6,16.8,50.2,16.4,41.3,17.9,38.8,16.4,39.3,16.1,42.2,15.6,36.4,17.3,37.6,19.5,39.1,17.4,36.9,21.7,40.2,18.3,45.1,13.8,40.0,14.2,43.1,12.5,42.0,14.7,35.0,30.8,30.0,18.7,29.1,18.3,19.6,17.7,21.8,18.7,23.6,19.6,25.4,18.8,26.5,19.1,43.6,24.1,0.0,0.0,0.0,0.0,0.0,0.0,0.0,0.0,0.0,0.0,0.0,0.0,0.0,0.0,0.0,0.0,0.0,0.0,0.0,0.0,0.0,0.0,0.0,0.0,0.0,0.0,0.0,0.0,0.0,0.0,0.0,0.0,0.0,0.0,0.0,0.0,0.0,0.0,0.0,0.0,0.0,0.0,0.0,0.0,0.0,0.0,0.0,0.0
2026-01-25 14:39:21,37.5,6.2,running,57.5,29.9,64.0,32.3,56.7,32.4,54.4,34.4,53.3,33.2,55.1,35.0,49.3,35.4,49.1,35.3,53.3,33.3,56.0,32.7,54.4,31.6,54.4,29.1,56.9,29.1,54.8,28.0,54.2,32.9,44.2,44.2,42.9,36.2,41.5,36.2,35.9,38.1,41.3,34.8,39.5,37.1,40.7,37.1,41.8,37.1,53.1,38.4,0.0,0.0,0.0,0.0,0.0,0.0,0.0,0.0,0.0,0.0,0.0,0.0,0.0,0.0,0.0,0.0,0.0,0.0,0.0,0.0,0.0,0.0,0.0,0.0,0.0,0.0,0.0,0.0,0.0,0.0,0.0,0.0,0.0,0.0,0.0,0.0,0.0,0.0,0.0,0.0,0.0,0.0,0.0,0.0,0.0,0.0,0.0,0.0
2026-01-25 14:39:24,30.8,3.1,running,47.1,26.9,65.1,25.4,50.2,26.8,52.9,25.8,52.0,26.3,49.1,27.2,46.9,28.1,41.7,26.8,41.1,28.0,43.0,27.2,39.9,24.1,39.9,24.6,35.4,25.0,34.5,24.1,38.8,26.8,35.2,45.8,39.5,33.5,45.4,30.8,39.7,31.2,41.1,33.3,39.3,31.8,43.0,29.9,42.4,31.1,49.3,31.2,0.0,0.0,0.0,0.0,0.0,0.0,0.0,0.0,0.0,0.0,0.0,0.0,0.0,0.0,0.0,0.0,0.0,0.0,0.0,0.0,0.0,0.0,0.0,0.0,0.0,0.0,0.0,0.0,0.0,0.0,0.0,0.0,0.0,0.0,0.0,0.0,0.0,0.0,0.0,0.0,0.0,0.0,0.0,0.0,0.0,0.0,0.0,0.0
2026-01-25 14:39:28,15.5,3.1,running,46.2,20.4,62.0,20.4,52.0,20.5,52.4,21.4,47.3,19.9,43.8,20.7,44.6,21.4,52.2,21.4,50.7,21.8,51.8,21.0,50.4,19.6,46.9,18.2,32.4,18.6,40.3,15.5,38.1,19.6,40.6,32.9,33.6,21.9,23.1,24.3,22.0,23.2,26.3,34.2,34.5,23.7,34.7,24.4,33.8,23.7,49.8,25.2,0.0,0.0,0.0,0.0,0.0,0.0,0.0,0.0,0.0,0.0,0.0,0.0,0.0,0.0,0.0,0.0,0.0,0.0,0.0,0.0,0.0,0.0,0.0,0.0,0.0,0.0,0.0,0.0,0.0,0.0,0.0,0.0,0.0,0.0,0.0,0.0,0.0,0.0,0.0,0.0,0.0,0.0,0.0,0.0,0.0,0.0,0.0,0.0
2026-01-25 14:39:31,36.5,6.2,running,54.5,34.5,64.9,35.8,55.1,32.6,54.2,33.9,50.7,31.5,51.3,31.0,52.9,34.2,53.3,34.4,51.1,33.9,52.4,34.7,48.7,31.4,45.8,30.9,44.9,30.5,49.6,29.1,48.9,31.2,39.1,47.1,40.2,33.8,42.9,36.2,36.0,36.6,35.4,41.3,38.4,35.7,39.1,36.6,37.8,37.9,51.1,36.3,0.0,0.0,0.0,0.0,0.0,0.0,0.0,0.0,0.0,0.0,0.0,0.0,0.0,0.0,0.0,0.0,0.0,0.0,0.0,0.0,0.0,0.0,0.0,0.0,0.0,0.0,0.0,0.0,0.0,0.0,0.0,0.0,0.0,0.0,0.0,0.0,0.0,0.0,0.0,0.0,0.0,0.0,0.0,0.0,0.0,0.0,0.0,0.0
2026-01-25 14:39:35,29.0,3.1,running,47.3,32.0,65.1,26.2,54.2,31.0,54.7,28.3,53.8,28.6,50.4,31.7,50.2,29.0,52.4,29.3,53.8,27.6,54.9,27.1,55.6,24.4,55.1,21.8,48.0,25.8,47.1,23.6,50.2,26.2,45.3,37.9,34.2,30.2,32.4,32.3,31.1,28.8,31.3,28.9,29.2,31.4,30.7,30.8,30.7,31.7,47.6,33.8,0.0,0.0,0.0,0.0,0.0,0.0,0.0,0.0,0.0,0.0,0.0,0.0,0.0,0.0,0.0,0.0,0.0,0.0,0.0,0.0,0.0,0.0,0.0,0.0,0.0,0.0,0.0,0.0,0.0,0.0,0.0,0.0,0.0,0.0,0.0,0.0,0.0,0.0,0.0,0.0,0.0,0.0,0.0,0.0,0.0,0.0,0.0,0.0
2026-01-25 14:39:38,12.3,12.5,running,47.3,24.1,57.3,19.6,46.7,17.3,47.6,20.7,41.1,19.5,43.1,17.3,47.3,21.9,45.8,23.7,43.3,21.8,46.0,21.3,47.8,19.6,43.8,17.3,45.5,15.9,48.7,16.9,45.1,17.3,44.4,35.5,35.7,22.8,25.9,21.9,26.3,21.4,24.6,25.8,24.2,21.7,24.2,21.8,22.5,23.1,42.9,25.9,0.0,0.0,0.0,0.0,0.0,0.0,0.0,0.0,0.0,0.0,0.0,0.0,0.0,0.0,0.0,0.0,0.0,0.0,0.0,0.0,0.0,0.0,0.0,0.0,0.0,0.0,0.0,0.0,0.0,0.0,0.0,0.0,0.0,0.0,0.0,0.0,0.0,0.0,0.0,0.0,0.0,0.0,0.0,0.0,0.0,0.0,0.0,0.0
2026-01-25 14:39:42,23.4,3.1,running,44.2,11.9,45.4,10.7,44.9,11.1,39.8,11.9,39.1,11.1,37.8,11.6,37.5,13.1,38.1,12.3,38.2,11.5,36.9,16.3,37.9,9.7,31.1,11.1,35.6,9.3,34.2,9.7,32.4,10.6,18.2,32.5,18.2,11.9,18.2,16.8,18.2,19.0,25.1,13.3,26.4,14.2,25.4,13.3,22.0,14.2,38.7,14.1,0.0,0.0,0.0,0.0,0.0,0.0,0.0,0.0,0.0,0.0,0.0,0.0,0.0,0.0,0.0,0.0,0.0,0.0,0.0,0.0,0.0,0.0,0.0,0.0,0.0,0.0,0.0,0.0,0.0,0.0,0.0,0.0,0.0,0.0,0.0,0.0,0.0,0.0,0.0,0.0,0.0,0.0,0.0,0.0,0.0,0.0,0.0,0.0
2026-01-25 14:39:45,26.5,0.0,running,53.1,28.1,64.5,28.1,53.3,28.1,52.2,29.9,52.5,29.0,49.8,29.0,48.2,30.9,49.6,29.6,53.2,29.5,51.6,29.3,49.6,26.6,49.8,23.2,50.7,26.5,50.7,25.7,50.4,26.9,33.3,42.0,34.8,29.6,34.4,28.8,33.2,31.7,30.9,30.6,30.5,32.4,30.9,31.2,29.9,32.7,49.3,33.8,0.0,0.0,0.0,0.0,0.0,0.0,0.0,0.0,0.0,0.0,0.0,0.0,0.0,0.0,0.0,0.0,0.0,0.0,0.0,0.0,0.0,0.0,0.0,0.0,0.0,0.0,0.0,0.0,0.0,0.0,0.0,0.0,0.0,0.0,0.0,0.0,0.0,0.0,0.0,0.0,0.0,0.0,0.0,0.0,0.0,0.0,0.0,0.0
2026-01-25 14:39:49,31.9,0.0,running,48.7,28.4,56.9,21.8,49.8,21.3,48.7,22.7,48.2,21.2,47.8,22.7,45.1,22.9,43.8,23.6,43.2,24.1,44.9,24.3,43.3,21.7,50.0,17.4,48.4,20.4,53.5,17.6,50.4,23.9,43.1,36.7,32.3,20.4,29.2,26.9,27.8,27.6,29.1,26.4,26.1,31.7,34.1,27.6,36.4,25.6,42.3,30.9,0.0,0.0,0.0,0.0,0.0,0.0,0.0,0.0,0.0,0.0,0.0,0.0,0.0,0.0,0.0,0.0,0.0,0.0,0.0,0.0,0.0,0.0,0.0,0.0,0.0,0.0,0.0,0.0,0.0,0.0,0.0,0.0,0.0,0.0,0.0,0.0,0.0,0.0,0.0,0.0,0.0,0.0,0.0,0.0,0.0,0.0,0.0,0.0
2026-01-25 14:39:52,48.8,3.1,running,55.1,35.0,62.4,35.0,58.7,36.2,59.1,34.2,55.4,32.7,55.1,37.7,51.1,36.3,57.1,39.5,56.2,37.5,56.1,34.5,55.8,33.2,53.8,33.5,51.6,33.8,54.7,29.0,51.6,33.9,39.6,48.9,41.3,37.6,39.6,41.9,42.0,37.9,41.5,37.9,38.7,39.6,41.3,39.5,41.3,37.7,53.6,41.3,0.0,0.0,0.0,0.0,0.0,0.0,0.0,0.0,0.0,0.0,0.0,0.0,0.0,0.0,0.0,0.0,0.0,0.0,0.0,0.0,0.0,0.0,0.0,0.0,0.0,0.0,0.0,0.0,0.0,0.0,0.0,0.0,0.0,0.0,0.0,0.0,0.0,0.0,0.0,0.0,0.0,0.0,0.0,0.0,0.0,0.0,0.0,0.0
2026-01-25 14:39:56,51.0,3.1,running,55.1,28.0,63.4,25.4,54.4,27.4,51.3,28.7,51.8,22.8,50.4,28.6,48.7,28.9,48.4,26.8,49.3,31.7,49.6,29.0,49.8,24.9,53.3,23.7,49.6,24.3,51.1,27.0,49.3,28.4,40.3,41.2,35.4,31.1,34.5,33.2,35.3,33.0,32.0,35.4,33.5,31.4,35.0,33.3,34.4,31.2,50.4,32.0,0.0,0.0,0.0,0.0,0.0,0.0,0.0,0.0,0.0,0.0,0.0,0.0,0.0,0.0,0.0,0.0,0.0,0.0,0.0,0.0,0.0,0.0,0.0,0.0,0.0,0.0,0.0,0.0,0.0,0.0,0.0,0.0,0.0,0.0,0.0,0.0,0.0,0.0,0.0,0.0,0.0,0.0,0.0,0.0,0.0,0.0,0.0,0.0
2026-01-25 14:39:59,31.0,6.2,running,53.1,29.6,58.7,28.1,52.2,29.3,47.1,29.8,50.2,29.6,47.8,29.6,49.8,30.4,49.3,28.9,47.8,31.8,49.8,34.2,53.8,23.6,50.7,29.8,54.5,26.2,52.0,25.8,48.0,29.5,42.7,42.2,37.9,31.6,35.3,31.0,34.4,33.9,33.6,33.9,34.3,34.1,32.3,33.0,35.0,32.0,51.1,31.6,0.0,0.0,0.0,0.0,0.0,0.0,0.0,0.0,0.0,0.0,0.0,0.0,0.0,0.0,0.0,0.0,0.0,0.0,0.0,0.0,0.0,0.0,0.0,0.0,0.0,0.0,0.0,0.0,0.0,0.0,0.0,0.0,0.0,0.0,0.0,0.0,0.0,0.0,0.0,0.0,0.0,0.0,0.0,0.0,0.0,0.0,0.0,0.0
2026-01-25 14:40:03,29.8,3.1,running,55.4,25.8,64.9,27.9,52.2,28.0,49.3,27.1,54.2,27.2,50.7,28.6,49.3,29.3,47.3,31.1,50.7,29.3,53.3,30.1,52.2,25.4,48.2,26.3,47.1,29.1,51.1,25.4,44.7,30.9,37.5,45.3,33.3,31.7,29.5,31.6,33.8,31.7,33.0,37.8,34.4,32.6,36.8,35.1,38.8,31.2,51.3,33.5,0.0,0.0,0.0,0.0,0.0,0.0,0.0,0.0,0.0,0.0,0.0,0.0,0.0,0.0,0.0,0.0,0.0,0.0,0.0,0.0,0.0,0.0,0.0,0.0,0.0,0.0,0.0,0.0,0.0,0.0,0.0,0.0,0.0,0.0,0.0,0.0,0.0,0.0,0.0,0.0,0.0,0.0,0.0,0.0,0.0,0.0,0.0,0.0
2026-01-25 14:40:06,31.6,3.1,running,57.3,36.4,68.8,32.9,58.7,35.1,59.6,35.6,57.8,33.3,51.6,37.2,56.0,37.2,53.1,38.5,55.1,38.5,55.6,36.7,48.0,31.4,50.0,29.6,52.7,29.5,56.1,32.3,52.2,32.1,45.3,50.7,46.2,41.2,44.0,40.5,39.4,38.5,37.4,41.3,39.1,40.5,40.4,39.4,36.8,42.1,52.4,45.8,0.0,0.0,0.0,0.0,0.0,0.0,0.0,0.0,0.0,0.0,0.0,0.0,0.0,0.0,0.0,0.0,0.0,0.0,0.0,0.0,0.0,0.0,0.0,0.0,0.0,0.0,0.0,0.0,0.0,0.0,0.0,0.0,0.0,0.0,0.0,0.0,0.0,0.0,0.0,0.0,0.0,0.0,0.0,0.0,0.0,0.0,0.0,0.0
2026-01-25 14:40:10,35.6,9.4,running,50.0,18.8,53.5,19.3,47.1,20.2,43.9,22.2,42.7,19.6,43.1,19.6,42.0,20.6,46.5,20.6,43.6,19.7,45.3,23.3,42.9,18.2,47.6,15.7,43.1,16.5,47.1,14.8,43.1,16.5,29.6,31.6,22.2,21.1,25.8,20.6,20.9,21.1,22.2,22.8,24.0,21.1,22.3,24.2,26.8,21.2,45.1,25.7,0.0,0.0,0.0,0.0,0.0,0.0,0.0,0.0,0.0,0.0,0.0,0.0,0.0,0.0,0.0,0.0,0.0,0.0,0.0,0.0,0.0,0.0,0.0,0.0,0.0,0.0,0.0,0.0,0.0,0.0,0.0,0.0,0.0,0.0,0.0,0.0,0.0,0.0,0.0,0.0,0.0,0.0,0.0,0.0,0.0,0.0,0.0,0.0
2026-01-25 14:40:13,24.4,9.4,running,43.8,22.8,53.8,16.5,44.6,18.1,41.6,19.2,47.1,18.8,39.9,17.4,42.0,20.7,43.3,19.6,37.9,20.9,44.2,20.5,42.8,18.0,44.2,16.4,45.9,16.1,42.9,16.7,40.9,19.7,37.5,30.7,35.8,19.2,26.3,21.8,25.0,22.7,24.6,23.7,26.5,21.0,25.3,22.7,29.5,22.2,41.7,24.4,0.0,0.0,0.0,0.0,0.0,0.0,0.0,0.0,0.0,0.0,0.0,0.0,0.0,0.0,0.0,0.0,0.0,0.0,0.0,0.0,0.0,0.0,0.0,0.0,0.0,0.0,0.0,0.0,0.0,0.0,0.0,0.0,0.0,0.0,0.0,0.0,0.0,0.0,0.0,0.0,0.0,0.0,0.0,0.0,0.0,0.0,0.0,0.0
2026-01-25 14:40:17,36.5,9.4,running,47.1,15.9,54.4,14.7,46.3,14.3,42.9,13.0,43.8,15.8,41.6,14.9,41.8,18.8,38.1,19.9,35.6,20.0,41.8,16.0,38.8,16.4,32.4,12.9,36.6,12.9,34.7,15.7,36.0,16.9,25.3,29.6,20.9,18.2,20.9,18.6,19.3,21.8,19.2,25.8,28.1,21.9,27.4,18.8,30.5,18.2,42.3,22.2,0.0,0.0,0.0,0.0,0.0,0.0,0.0,0.0,0.0,0.0,0.0,0.0,0.0,0.0,0.0,0.0,0.0,0.0,0.0,0.0,0.0,0.0,0.0,0.0,0.0,0.0,0.0,0.0,0.0,0.0,0.0,0.0,0.0,0.0,0.0,0.0,0.0,0.0,0.0,0.0,0.0,0.0,0.0,0.0,0.0,0.0,0.0,0.0
2026-01-25 14:40:20,13.9,9.4,running,56.2,31.7,66.5,39.9,54.1,30.4,54.5,30.1,54.7,31.3,55.6,31.3,53.2,32.1,55.6,32.1,55.4,32.1,53.2,31.7,54.3,27.1,54.0,27.7,53.4,25.9,53.2,27.2,53.8,27.4,37.4,44.9,35.6,31.7,35.3,32.6,31.6,35.1,32.4,36.2,32.0,35.7,32.1,34.2,32.3,36.0,49.1,43.3,0.0,0.0,0.0,0.0,0.0,0.0,0.0,0.0,0.0,0.0,0.0,0.0,0.0,0.0,0.0,0.0,0.0,0.0,0.0,0.0,0.0,0.0,0.0,0.0,0.0,0.0,0.0,0.0,0.0,0.0,0.0,0.0,0.0,0.0,0.0,0.0,0.0,0.0,0.0,0.0,0.0,0.0,0.0,0.0,0.0,0.0,0.0,0.0
2026-01-25 14:40:24,26.3,6.2,running,44.2,19.6,54.9,12.7,48.0,16.8,44.7,17.9,45.9,13.4,45.8,14.4,39.2,16.9,37.4,18.8,39.8,14.3,40.7,14.7,42.2,14.3,43.6,12.9,38.1,13.8,40.7,15.6,37.8,15.5,33.9,34.8,31.4,15.6,30.0,16.4,29.6,18.3,19.6,18.6,19.2,16.9,20.5,19.1,20.7,16.5,38.1,23.6,0.0,0.0,0.0,0.0,0.0,0.0,0.0,0.0,0.0,0.0,0.0,0.0,0.0,0.0,0.0,0.0,0.0,0.0,0.0,0.0,0.0,0.0,0.0,0.0,0.0,0.0,0.0,0.0,0.0,0.0,0.0,0.0,0.0,0.0,0.0,0.0,0.0,0.0,0.0,0.0,0.0,0.0,0.0,0.0,0.0,0.0,0.0,0.0
2026-01-25 14:40:27,27.9,6.2,running,48.2,30.8,56.9,25.4,48.2,23.7,43.8,25.3,46.7,28.9,45.3,25.1,48.0,26.3,45.7,34.7,52.9,26.2,52.7,25.8,50.9,21.8,51.1,24.1,49.3,21.8,43.9,26.2,46.4,22.6,39.4,42.7,38.6,26.7,39.3,25.4,34.1,27.7,33.0,29.9,33.5,27.7,30.7,32.0,35.0,28.1,41.7,33.0,0.0,0.0,0.0,0.0,0.0,0.0,0.0,0.0,0.0,0.0,0.0,0.0,0.0,0.0,0.0,0.0,0.0,0.0,0.0,0.0,0.0,0.0,0.0,0.0,0.0,0.0,0.0,0.0,0.0,0.0,0.0,0.0,0.0,0.0,0.0,0.0,0.0,0.0,0.0,0.0,0.0,0.0,0.0,0.0,0.0,0.0,0.0,0.0
2026-01-25 14:40:31,51.5,0.0,running,56.0,37.1,70.5,33.5,62.7,34.4,56.0,35.0,56.0,30.4,53.7,36.5,52.7,35.1,52.4,39.6,56.6,36.9,57.7,37.1,59.1,35.7,58.4,30.8,54.4,31.1,55.3,30.2,53.1,34.1,42.9,46.2,36.7,40.6,45.6,34.8,37.6,38.8,39.6,42.0,40.7,39.3,40.5,40.4,39.1,40.0,51.8,40.6,0.0,0.0,0.0,0.0,0.0,0.0,0.0,0.0,0.0,0.0,0.0,0.0,0.0,0.0,0.0,0.0,0.0,0.0,0.0,0.0,0.0,0.0,0.0,0.0,0.0,0.0,0.0,0.0,0.0,0.0,0.0,0.0,0.0,0.0,0.0,0.0,0.0,0.0,0.0,0.0,0.0,0.0,0.0,0.0,0.0,0.0,0.0,0.0
2026-01-25 14:40:34,50.9,3.1,running,54.7,35.8,65.2,32.7,60.9,31.3,58.0,34.1,54.5,31.9,48.9,34.1,51.8,33.6,52.7,35.2,51.3,33.3,56.4,33.5,50.0,34.4,48.2,32.3,51.3,26.7,51.8,28.0,52.0,31.4,42.9,40.6,45.5,37.9,44.2,38.5,44.2,37.2,42.0,35.6,41.8,36.7,40.6,39.1,42.4,39.6,50.4,39.4,0.0,0.0,0.0,0.0,0.0,0.0,0.0,0.0,0.0,0.0,0.0,0.0,0.0,0.0,0.0,0.0,0.0,0.0,0.0,0.0,0.0,0.0,0.0,0.0,0.0,0.0,0.0,0.0,0.0,0.0,0.0,0.0,0.0,0.0,0.0,0.0,0.0,0.0,0.0,0.0,0.0,0.0,0.0,0.0,0.0,0.0,0.0,0.0
2026-01-25 14:40:38,69.2,6.2,running,60.6,43.4,69.0,42.9,67.7,43.8,60.2,43.8,56.0,42.9,57.3,43.8,53.8,43.6,55.9,47.3,52.9,47.1,62.4,44.0,61.1,39.1,60.2,38.8,57.3,41.8,62.2,36.4,61.1,38.2,50.2,48.9,54.2,48.0,50.2,50.2,50.9,48.0,52.0,49.8,52.9,47.6,51.1,47.6,50.9,48.7,57.1,47.1,0.0,0.0,0.0,0.0,0.0,0.0,0.0,0.0,0.0,0.0,0.0,0.0,0.0,0.0,0.0,0.0,0.0,0.0,0.0,0.0,0.0,0.0,0.0,0.0,0.0,0.0,0.0,0.0,0.0,0.0,0.0,0.0,0.0,0.0,0.0,0.0,0.0,0.0,0.0,0.0,0.0,0.0,0.0,0.0,0.0,0.0,0.0,0.0
2026-01-25 14:40:41,44.7,6.2,running,48.9,21.1,54.4,25.0,53.6,20.3,48.4,19.2,44.6,21.4,46.7,19.3,47.3,21.5,43.8,22.5,41.8,22.3,47.3,24.2,43.8,20.6,43.3,18.4,44.2,18.8,48.2,16.2,44.6,18.4,40.9,24.7,32.6,24.2,27.1,24.8,24.9,24.3,27.4,24.8,25.2,24.3,24.8,23.7,26.3,23.9,45.5,25.1,0.0,0.0,0.0,0.0,0.0,0.0,0.0,0.0,0.0,0.0,0.0,0.0,0.0,0.0,0.0,0.0,0.0,0.0,0.0,0.0,0.0,0.0,0.0,0.0,0.0,0.0,0.0,0.0,0.0,0.0,0.0,0.0,0.0,0.0,0.0,0.0,0.0,0.0,0.0,0.0,0.0,0.0,0.0,0.0,0.0,0.0,0.0,0.0
2026-01-25 14:40:45,31.1,6.2,running,62.2,32.9,71.2,32.4,64.3,37.3,60.3,31.6,57.1,32.9,56.2,35.7,53.1,40.4,55.6,36.9,50.9,36.2,54.0,34.4,46.9,35.3,48.4,33.5,47.8,30.8,52.9,28.0,46.9,32.1,49.1,47.6,42.0,37.5,38.7,39.2,37.3,40.7,39.3,42.0,38.9,37.3,38.6,40.6,39.7,39.8,54.0,40.4,0.0,0.0,0.0,0.0,0.0,0.0,0.0,0.0,0.0,0.0,0.0,0.0,0.0,0.0,0.0,0.0,0.0,0.0,0.0,0.0,0.0,0.0,0.0,0.0,0.0,0.0,0.0,0.0,0.0,0.0,0.0,0.0,0.0,0.0,0.0,0.0,0.0,0.0,0.0,0.0,0.0,0.0,0.0,0.0,0.0,0.0,0.0,0.0
2026-01-25 14:40:48,40.1,6.2,running,62.5,35.7,71.1,36.8,66.2,34.8,60.1,35.8,61.0,34.5,62.3,36.6,58.0,32.7,58.3,36.2,56.2,37.8,58.9,35.1,57.1,33.9,51.3,31.7,48.9,33.0,50.2,30.8,51.1,31.7,41.3,45.5,43.5,39.3,39.9,40.4,39.7,42.7,37.3,46.2,39.7,41.6,45.7,41.5,42.0,39.4,56.0,42.0,0.0,0.0,0.0,0.0,0.0,0.0,0.0,0.0,0.0,0.0,0.0,0.0,0.0,0.0,0.0,0.0,0.0,0.0,0.0,0.0,0.0,0.0,0.0,0.0,0.0,0.0,0.0,0.0,0.0,0.0,0.0,0.0,0.0,0.0,0.0,0.0,0.0,0.0,0.0,0.0,0.0,0.0,0.0,0.0,0.0,0.0,0.0,0.0
2026-01-25 14:40:52,68.6,6.2,running,62.8,42.0,71.7,43.4,68.3,44.2,63.4,42.0,58.8,40.7,58.0,46.7,52.7,45.1,59.5,49.3,58.2,49.1,63.6,44.0,60.0,38.5,59.6,37.6,58.4,39.4,59.3,36.3,59.3,38.5,47.3,48.2,44.2,50.0,45.6,51.8,45.1,48.9,49.1,49.6,48.7,49.1,50.7,48.0,48.2,52.0,55.9,49.8,0.0,0.0,0.0,0.0,0.0,0.0,0.0,0.0,0.0,0.0,0.0,0.0,0.0,0.0,0.0,0.0,0.0,0.0,0.0,0.0,0.0,0.0,0.0,0.0,0.0,0.0,0.0,0.0,0.0,0.0,0.0,0.0,0.0,0.0,0.0,0.0,0.0,0.0,0.0,0.0,0.0,0.0,0.0,0.0,0.0,0.0,0.0,0.0
2026-01-25 14:40:55,38.8,6.2,running,52.4,23.7,62.8,23.2,60.9,24.1,55.8,23.6,53.1,23.2,50.4,24.1,50.9,25.4,45.3,25.4,39.7,25.0,49.6,23.7,48.0,20.5,49.3,22.3,47.1,22.8,48.0,20.1,50.2,22.8,39.1,31.1,39.4,28.1,30.2,29.9,25.8,31.2,31.0,29.5,24.3,29.9,25.3,27.7,26.9,27.1,51.1,28.0,0.0,0.0,0.0,0.0,0.0,0.0,0.0,0.0,0.0,0.0,0.0,0.0,0.0,0.0,0.0,0.0,0.0,0.0,0.0,0.0,0.0,0.0,0.0,0.0,0.0,0.0,0.0,0.0,0.0,0.0,0.0,0.0,0.0,0.0,0.0,0.0,0.0,0.0,0.0,0.0,0.0,0.0,0.0,0.0,0.0,0.0,0.0,0.0
2026-01-25 14:40:59,24.7,3.1,running,61.4,36.8,70.0,37.7,66.8,38.4,60.3,37.9,58.5,33.5,55.8,36.6,54.7,39.5,53.6,39.9,56.0,39.0,56.7,40.2,55.4,35.6,52.2,32.3,56.7,33.8,50.5,35.7,52.3,33.2,40.4,42.2,43.9,41.5,40.6,45.5,36.8,46.2,41.7,40.4,39.7,49.0,44.6,42.4,45.1,43.3,53.6,42.0,0.0,0.0,0.0,0.0,0.0,0.0,0.0,0.0,0.0,0.0,0.0,0.0,0.0,0.0,0.0,0.0,0.0,0.0,0.0,0.0,0.0,0.0,0.0,0.0,0.0,0.0,0.0,0.0,0.0,0.0,0.0,0.0,0.0,0.0,0.0,0.0,0.0,0.0,0.0,0.0,0.0,0.0,0.0,0.0,0.0,0.0,0.0,0.0
2026-01-25 14:41:02,47.3,6.2,running,47.8,18.7,55.1,18.3,56.2,18.3,48.0,18.8,42.2,18.7,46.7,22.0,46.2,18.3,46.5,19.2,48.7,20.1,38.9,19.2,45.8,18.8,41.8,17.6,45.1,16.1,43.9,17.3,40.7,15.9,30.4,21.9,26.7,23.8,24.4,19.5,19.6,21.6,25.6,20.3,24.1,22.6,25.2,20.1,24.0,23.6,42.9,21.0,0.0,0.0,0.0,0.0,0.0,0.0,0.0,0.0,0.0,0.0,0.0,0.0,0.0,0.0,0.0,0.0,0.0,0.0,0.0,0.0,0.0,0.0,0.0,0.0,0.0,0.0,0.0,0.0,0.0,0.0,0.0,0.0,0.0,0.0,0.0,0.0,0.0,0.0,0.0,0.0,0.0,0.0,0.0,0.0,0.0,0.0,0.0,0.0
2026-01-25 14:41:06,51.7,3.1,running,54.7,38.9,70.8,36.6,67.6,39.0,56.9,35.8,54.4,33.5,55.6,36.6,51.6,36.1,56.0,36.1,53.8,35.7,57.1,33.0,61.8,29.6,53.8,32.3,52.9,32.2,60.0,30.4,56.4,32.7,50.9,42.7,46.5,40.5,43.4,41.0,44.2,44.0,45.6,40.5,44.7,38.3,45.6,41.6,47.1,40.7,56.0,43.4,0.0,0.0,0.0,0.0,0.0,0.0,0.0,0.0,0.0,0.0,0.0,0.0,0.0,0.0,0.0,0.0,0.0,0.0,0.0,0.0,0.0,0.0,0.0,0.0,0.0,0.0,0.0,0.0,0.0,0.0,0.0,0.0,0.0,0.0,0.0,0.0,0.0,0.0,0.0,0.0,0.0,0.0,0.0,0.0,0.0,0.0,0.0,0.0
2026-01-25 14:41:09,37.7,6.2,running,53.3,36.8,67.0,31.8,62.1,35.9,58.9,33.9,57.8,31.8,58.5,33.6,54.0,35.0,57.8,37.1,58.0,35.1,56.5,34.5,59.8,32.3,50.2,32.3,52.7,28.1,50.2,30.4,48.4,30.9,47.1,39.5,40.4,37.2,42.0,37.9,39.9,38.6,38.6,43.9,43.5,39.7,41.7,38.8,45.3,38.1,52.7,40.6,0.0,0.0,0.0,0.0,0.0,0.0,0.0,0.0,0.0,0.0,0.0,0.0,0.0,0.0,0.0,0.0,0.0,0.0,0.0,0.0,0.0,0.0,0.0,0.0,0.0,0.0,0.0,0.0,0.0,0.0,0.0,0.0,0.0,0.0,0.0,0.0,0.0,0.0,0.0,0.0,0.0,0.0,0.0,0.0,0.0,0.0,0.0,0.0
2026-01-25 14:41:13,42.8,3.1,running,57.6,38.4,70.7,40.2,62.5,43.8,61.8,40.6,62.2,40.0,58.0,38.2,58.7,40.0,56.9,39.3,58.5,39.3,60.0,39.1,60.0,34.4,61.3,31.7,58.0,33.0,61.1,31.7,54.4,37.5,46.2,46.2,40.0,46.5,42.2,46.2,43.6,46.7,41.1,44.6,42.4,46.0,41.5,47.3,41.1,47.1,55.5,49.3,0.0,0.0,0.0,0.0,0.0,0.0,0.0,0.0,0.0,0.0,0.0,0.0,0.0,0.0,0.0,0.0,0.0,0.0,0.0,0.0,0.0,0.0,0.0,0.0,0.0,0.0,0.0,0.0,0.0,0.0,0.0,0.0,0.0,0.0,0.0,0.0,0.0,0.0,0.0,0.0,0.0,0.0,0.0,0.0,0.0,0.0,0.0,0.0
2026-01-25 14:41:16,25.9,3.1,running,48.2,16.4,52.0,16.9,59.6,15.6,49.3,16.5,43.6,15.2,46.7,16.1,39.1,14.7,44.4,21.9,42.2,16.0,50.4,15.2,49.3,13.4,41.3,13.8,39.1,14.2,43.6,14.6,37.3,13.8,40.0,21.8,33.8,17.3,30.7,18.8,17.8,19.0,17.7,20.8,19.9,18.2,17.7,18.2,18.6,17.9,46.2,21.4,0.0,0.0,0.0,0.0,0.0,0.0,0.0,0.0,0.0,0.0,0.0,0.0,0.0,0.0,0.0,0.0,0.0,0.0,0.0,0.0,0.0,0.0,0.0,0.0,0.0,0.0,0.0,0.0,0.0,0.0,0.0,0.0,0.0,0.0,0.0,0.0,0.0,0.0,0.0,0.0,0.0,0.0,0.0,0.0,0.0,0.0,0.0,0.0
2026-01-25 14:41:20,27.0,0.0,running,48.0,17.3,53.5,17.5,45.3,18.2,44.4,18.2,39.1,15.6,42.0,16.9,39.7,17.8,41.1,26.7,39.7,19.3,45.8,17.8,46.0,15.6,41.5,14.7,35.3,15.2,39.7,13.4,38.4,19.1,35.1,22.7,33.0,21.9,35.3,18.6,31.2,20.1,32.1,20.2,26.8,18.2,26.7,19.2,25.0,19.2,42.4,22.6,0.0,0.0,0.0,0.0,0.0,0.0,0.0,0.0,0.0,0.0,0.0,0.0,0.0,0.0,0.0,0.0,0.0,0.0,0.0,0.0,0.0,0.0,0.0,0.0,0.0,0.0,0.0,0.0,0.0,0.0,0.0,0.0,0.0,0.0,0.0,0.0,0.0,0.0,0.0,0.0,0.0,0.0,0.0,0.0,0.0,0.0,0.0,0.0
2026-01-25 14:41:23,32.9,0.0,running,58.0,33.0,70.2,30.8,63.6,32.9,56.9,32.2,53.1,31.6,51.8,31.9,54.7,33.2,52.0,34.5,53.8,37.4,57.8,34.2,58.7,28.8,55.6,26.9,55.6,26.4,51.6,28.8,53.3,31.9,37.8,39.6,38.2,37.4,41.3,36.0,35.6,36.3,38.2,37.0,38.7,36.3,38.2,37.2,40.0,36.1,55.1,39.6,0.0,0.0,0.0,0.0,0.0,0.0,0.0,0.0,0.0,0.0,0.0,0.0,0.0,0.0,0.0,0.0,0.0,0.0,0.0,0.0,0.0,0.0,0.0,0.0,0.0,0.0,0.0,0.0,0.0,0.0,0.0,0.0,0.0,0.0,0.0,0.0,0.0,0.0,0.0,0.0,0.0,0.0,0.0,0.0,0.0,0.0,0.0,0.0
2026-01-25 14:41:27,52.2,6.2,running,58.9,28.8,62.6,30.4,63.6,29.2,55.4,30.7,56.7,27.5,58.9,30.2,54.5,30.2,53.8,32.0,50.7,31.8,56.0,29.5,56.7,25.6,57.1,24.3,54.0,25.6,49.6,32.4,48.7,26.5,43.8,34.2,40.0,34.2,38.8,32.3,36.2,38.3,37.5,32.1,33.5,35.4,37.3,33.2,39.9,34.1,52.4,33.8,0.0,0.0,0.0,0.0,0.0,0.0,0.0,0.0,0.0,0.0,0.0,0.0,0.0,0.0,0.0,0.0,0.0,0.0,0.0,0.0,0.0,0.0,0.0,0.0,0.0,0.0,0.0,0.0,0.0,0.0,0.0,0.0,0.0,0.0,0.0,0.0,0.0,0.0,0.0,0.0,0.0,0.0,0.0,0.0,0.0,0.0,0.0,0.0
2026-01-25 14:41:30,46.6,0.0,running,53.6,31.4,58.2,31.2,52.9,31.4,48.2,31.7,52.7,31.9,52.7,32.6,52.9,33.2,54.9,35.8,54.5,32.7,52.9,31.6,52.2,27.6,50.4,27.4,46.2,29.2,45.1,41.6,46.9,29.3,40.4,34.4,37.9,32.7,37.1,31.6,36.6,37.6,39.3,37.8,41.3,34.7,38.4,35.6,38.7,34.2,50.7,33.2,0.0,0.0,0.0,0.0,0.0,0.0,0.0,0.0,0.0,0.0,0.0,0.0,0.0,0.0,0.0,0.0,0.0,0.0,0.0,0.0,0.0,0.0,0.0,0.0,0.0,0.0,0.0,0.0,0.0,0.0,0.0,0.0,0.0,0.0,0.0,0.0,0.0,0.0,0.0,0.0,0.0,0.0,0.0,0.0,0.0,0.0,0.0,0.0
2026-01-25 14:41:34,38.2,3.1,running,54.0,29.3,65.2,29.0,55.6,26.8,53.1,30.7,52.7,29.6,54.0,29.9,52.2,33.6,48.2,31.4,49.1,30.5,51.3,29.1,51.8,27.8,52.7,25.6,50.9,24.6,54.0,38.2,51.6,28.9,44.2,36.2,36.8,34.4,37.7,33.9,33.5,33.0,33.6,35.3,32.3,34.8,34.4,34.4,31.8,33.0,52.9,38.4,0.0,0.0,0.0,0.0,0.0,0.0,0.0,0.0,0.0,0.0,0.0,0.0,0.0,0.0,0.0,0.0,0.0,0.0,0.0,0.0,0.0,0.0,0.0,0.0,0.0,0.0,0.0,0.0,0.0,0.0,0.0,0.0,0.0,0.0,0.0,0.0,0.0,0.0,0.0,0.0,0.0,0.0,0.0,0.0,0.0,0.0,0.0,0.0
2026-01-25 14:41:37,46.8,3.1,running,52.0,34.1,63.7,28.3,54.7,29.0,49.1,30.1,56.2,30.7,52.9,27.2,53.1,27.0,54.9,29.6,51.8,29.8,54.0,29.3,50.4,24.0,52.2,24.4,49.1,25.0,50.2,33.5,50.2,23.8,40.2,33.6,27.9,33.5,28.0,32.4,29.2,30.2,25.8,32.6,28.6,33.6,28.9,33.3,29.8,33.3,43.1,34.5,0.0,0.0,0.0,0.0,0.0,0.0,0.0,0.0,0.0,0.0,0.0,0.0,0.0,0.0,0.0,0.0,0.0,0.0,0.0,0.0,0.0,0.0,0.0,0.0,0.0,0.0,0.0,0.0,0.0,0.0,0.0,0.0,0.0,0.0,0.0,0.0,0.0,0.0,0.0,0.0,0.0,0.0,0.0,0.0,0.0,0.0,0.0,0.0
2026-01-25 14:41:41,40.6,6.2,running,53.1,21.3,56.4,20.0,52.7,19.1,50.4,20.3,48.2,20.0,49.8,20.4,48.7,22.0,45.8,22.0,47.6,21.0,47.6,21.8,46.7,19.6,39.6,17.9,34.1,20.5,36.7,33.2,31.6,19.9,30.7,26.1,25.4,24.9,24.4,24.0,22.3,24.7,20.9,31.1,29.0,28.0,30.4,24.7,31.7,24.7,46.2,24.4,0.0,0.0,0.0,0.0,0.0,0.0,0.0,0.0,0.0,0.0,0.0,0.0,0.0,0.0,0.0,0.0,0.0,0.0,0.0,0.0,0.0,0.0,0.0,0.0,0.0,0.0,0.0,0.0,0.0,0.0,0.0,0.0,0.0,0.0,0.0,0.0,0.0,0.0,0.0,0.0,0.0,0.0,0.0,0.0,0.0,0.0,0.0,0.0
2026-01-25 14:41:44,69.3,0.0,running,55.1,32.0,68.7,35.3,61.3,35.6,60.2,36.3,51.1,34.8,58.2,35.7,53.8,41.6,56.1,37.5,57.1,36.4,60.1,36.6,59.0,32.0,56.7,31.1,56.1,30.8,58.0,46.4,53.5,29.6,46.7,44.0,38.8,40.0,40.0,41.5,38.4,37.8,39.5,46.0,41.3,42.7,42.0,41.2,39.8,41.6,54.2,44.6,0.0,0.0,0.0,0.0,0.0,0.0,0.0,0.0,0.0,0.0,0.0,0.0,0.0,0.0,0.0,0.0,0.0,0.0,0.0,0.0,0.0,0.0,0.0,0.0,0.0,0.0,0.0,0.0,0.0,0.0,0.0,0.0,0.0,0.0,0.0,0.0,0.0,0.0,0.0,0.0,0.0,0.0,0.0,0.0,0.0,0.0,0.0,0.0
2026-01-25 14:41:48,49.8,9.4,running,52.7,32.9,62.1,28.0,54.9,32.0,51.3,31.9,52.0,27.9,54.0,30.2,49.3,31.4,53.1,30.7,51.6,31.1,50.4,34.2,47.3,29.6,49.8,26.5,48.7,26.8,51.3,26.9,42.8,27.4,40.5,37.3,39.5,32.4,37.4,32.7,33.2,32.6,35.1,32.1,32.4,33.3,32.7,32.6,35.6,32.9,48.2,37.8,0.0,0.0,0.0,0.0,0.0,0.0,0.0,0.0,0.0,0.0,0.0,0.0,0.0,0.0,0.0,0.0,0.0,0.0,0.0,0.0,0.0,0.0,0.0,0.0,0.0,0.0,0.0,0.0,0.0,0.0,0.0,0.0,0.0,0.0,0.0,0.0,0.0,0.0,0.0,0.0,0.0,0.0,0.0,0.0,0.0,0.0,0.0,0.0
2026-01-25 14:41:51,17.4,6.2,running,44.0,13.4,57.2,11.7,48.2,12.3,43.8,12.1,43.1,13.9,42.0,11.6,44.2,13.4,40.0,14.2,35.8,13.3,43.9,12.9,45.3,11.2,40.3,11.6,41.2,12.9,42.0,11.1,40.3,12.0,27.8,14.4,20.4,14.8,16.4,13.8,18.3,13.8,16.0,17.3,16.0,17.4,21.2,14.3,21.7,15.1,41.0,18.4,0.0,0.0,0.0,0.0,0.0,0.0,0.0,0.0,0.0,0.0,0.0,0.0,0.0,0.0,0.0,0.0,0.0,0.0,0.0,0.0,0.0,0.0,0.0,0.0,0.0,0.0,0.0,0.0,0.0,0.0,0.0,0.0,0.0,0.0,0.0,0.0,0.0,0.0,0.0,0.0,0.0,0.0,0.0,0.0,0.0,0.0,0.0,0.0
2026-01-25 14:41:55,41.2,6.2,running,56.6,27.7,65.1,29.5,55.6,30.7,48.0,28.1,51.6,26.9,46.7,27.6,45.3,32.2,51.3,29.4,47.8,30.4,48.9,29.8,49.3,25.8,49.6,24.6,47.1,24.1,49.3,31.0,52.9,27.2,41.7,52.9,40.9,39.7,44.4,29.9,34.1,36.6,43.8,34.1,40.4,32.1,43.6,32.6,41.0,30.7,52.4,32.7,0.0,0.0,0.0,0.0,0.0,0.0,0.0,0.0,0.0,0.0,0.0,0.0,0.0,0.0,0.0,0.0,0.0,0.0,0.0,0.0,0.0,0.0,0.0,0.0,0.0,0.0,0.0,0.0,0.0,0.0,0.0,0.0,0.0,0.0,0.0,0.0,0.0,0.0,0.0,0.0,0.0,0.0,0.0,0.0,0.0,0.0,0.0,0.0
2026-01-25 14:41:59,31.2,6.2,running,43.8,12.0,48.7,11.2,39.3,11.2,32.6,12.5,37.7,9.8,37.2,12.0,34.4,13.9,39.6,12.4,36.6,12.0,36.9,15.7,42.4,12.0,42.9,11.1,42.0,12.0,39.2,9.8,35.4,10.2,29.6,29.6,23.2,14.2,22.4,18.7,22.7,13.8,18.1,14.8,18.4,15.1,17.0,16.9,19.7,14.3,40.6,15.9,0.0,0.0,0.0,0.0,0.0,0.0,0.0,0.0,0.0,0.0,0.0,0.0,0.0,0.0,0.0,0.0,0.0,0.0,0.0,0.0,0.0,0.0,0.0,0.0,0.0,0.0,0.0,0.0,0.0,0.0,0.0,0.0,0.0,0.0,0.0,0.0,0.0,0.0,0.0,0.0,0.0,0.0,0.0,0.0,0.0,0.0,0.0,0.0
2026-01-25 14:42:02,47.9,6.2,running,58.5,32.1,61.5,33.0,55.8,33.8,55.8,33.3,50.2,35.4,55.6,33.6,52.2,32.1,54.7,33.3,55.8,32.4,52.5,32.6,52.0,29.9,50.7,27.2,50.2,27.1,52.9,26.8,44.6,31.7,40.4,42.0,34.2,35.7,36.9,34.8,33.9,33.5,33.5,35.7,36.6,35.7,35.0,38.2,38.4,35.3,51.3,38.1,0.0,0.0,0.0,0.0,0.0,0.0,0.0,0.0,0.0,0.0,0.0,0.0,0.0,0.0,0.0,0.0,0.0,0.0,0.0,0.0,0.0,0.0,0.0,0.0,0.0,0.0,0.0,0.0,0.0,0.0,0.0,0.0,0.0,0.0,0.0,0.0,0.0,0.0,0.0,0.0,0.0,0.0,0.0,0.0,0.0,0.0,0.0,0.0
2026-01-25 14:42:06,66.2,9.4,running,67.5,46.9,80.3,48.0,66.5,46.4,63.8,47.8,62.8,47.8,62.2,45.1,58.4,48.7,63.6,49.6,65.2,50.2,67.3,49.1,67.1,40.3,67.0,40.3,58.2,43.6,65.8,38.5,61.9,44.2,56.2,60.0,50.9,54.2,50.4,53.3,45.1,55.6,51.1,55.1,50.9,54.2,52.4,53.8,48.7,53.3,61.5,54.9,0.0,0.0,0.0,0.0,0.0,0.0,0.0,0.0,0.0,0.0,0.0,0.0,0.0,0.0,0.0,0.0,0.0,0.0,0.0,0.0,0.0,0.0,0.0,0.0,0.0,0.0,0.0,0.0,0.0,0.0,0.0,0.0,0.0,0.0,0.0,0.0,0.0,0.0,0.0,0.0,0.0,0.0,0.0,0.0,0.0,0.0,0.0,0.0
2026-01-25 14:42:09,36.9,6.2,running,52.4,27.8,60.2,27.2,48.5,26.8,48.7,27.7,42.0,27.4,42.0,29.9,44.9,30.0,49.1,32.3,46.0,27.8,50.0,25.1,49.1,24.2,49.1,24.2,46.9,22.4,45.6,23.8,44.4,24.6,37.7,44.9,38.1,32.7,37.1,30.4,35.4,28.8,35.1,29.6,35.7,32.7,38.7,29.6,36.6,30.1,46.9,31.3,0.0,0.0,0.0,0.0,0.0,0.0,0.0,0.0,0.0,0.0,0.0,0.0,0.0,0.0,0.0,0.0,0.0,0.0,0.0,0.0,0.0,0.0,0.0,0.0,0.0,0.0,0.0,0.0,0.0,0.0,0.0,0.0,0.0,0.0,0.0,0.0,0.0,0.0,0.0,0.0,0.0,0.0,0.0,0.0,0.0,0.0,0.0,0.0
2026-01-25 14:42:13,38.2,6.2,running,46.6,22.7,58.9,20.4,50.2,21.1,47.7,21.3,48.9,21.3,48.6,20.4,48.0,21.4,46.8,20.9,44.4,21.0,43.7,22.2,43.7,17.9,41.9,19.6,43.8,18.8,45.9,17.9,40.1,19.6,33.8,35.8,27.7,24.2,25.9,21.2,23.6,24.3,20.9,25.6,22.2,25.7,21.3,24.2,22.3,23.3,39.7,28.7,0.0,0.0,0.0,0.0,0.0,0.0,0.0,0.0,0.0,0.0,0.0,0.0,0.0,0.0,0.0,0.0,0.0,0.0,0.0,0.0,0.0,0.0,0.0,0.0,0.0,0.0,0.0,0.0,0.0,0.0,0.0,0.0,0.0,0.0,0.0,0.0,0.0,0.0,0.0,0.0,0.0,0.0,0.0,0.0,0.0,0.0,0.0,0.0
2026-01-25 14:42:16,53.2,3.1,running,55.1,36.2,67.8,35.4,57.1,33.8,57.1,35.3,58.8,34.2,54.2,35.3,55.8,34.2,47.8,39.3,56.6,36.0,58.8,33.8,56.2,31.6,52.7,31.6,49.3,29.3,51.1,31.6,45.4,32.4,45.1,47.6,39.8,39.6,41.2,37.2,39.1,36.3,39.3,47.3,44.2,38.1,44.2,39.6,38.9,40.0,53.1,40.0,0.0,0.0,0.0,0.0,0.0,0.0,0.0,0.0,0.0,0.0,0.0,0.0,0.0,0.0,0.0,0.0,0.0,0.0,0.0,0.0,0.0,0.0,0.0,0.0,0.0,0.0,0.0,0.0,0.0,0.0,0.0,0.0,0.0,0.0,0.0,0.0,0.0,0.0,0.0,0.0,0.0,0.0,0.0,0.0,0.0,0.0,0.0,0.0
2026-01-25 14:42:20,26.6,0.0,running,51.3,20.0,56.4,20.2,46.9,20.0,47.1,20.1,46.0,20.7,45.3,20.5,45.1,21.0,42.0,20.5,43.9,21.4,43.8,24.0,44.4,18.2,42.6,16.4,38.6,16.4,39.1,18.1,37.7,19.6,27.6,36.3,25.1,20.2,23.1,22.9,22.8,26.9,28.9,21.9,28.0,29.1,33.3,22.8,33.6,24.1,45.3,24.0,0.0,0.0,0.0,0.0,0.0,0.0,0.0,0.0,0.0,0.0,0.0,0.0,0.0,0.0,0.0,0.0,0.0,0.0,0.0,0.0,0.0,0.0,0.0,0.0,0.0,0.0,0.0,0.0,0.0,0.0,0.0,0.0,0.0,0.0,0.0,0.0,0.0,0.0,0.0,0.0,0.0,0.0,0.0,0.0,0.0,0.0,0.0,0.0
2026-01-25 14:42:23,29.0,6.2,running,53.3,38.6,68.5,36.2,57.3,38.6,55.3,37.3,54.4,37.2,53.5,35.7,53.3,37.1,54.7,36.6,55.3,36.9,58.8,35.7,55.8,32.7,55.8,29.9,58.8,27.8,55.8,28.7,57.7,31.7,47.8,50.2,48.5,38.7,49.8,39.3,45.8,37.9,43.6,40.8,45.3,39.3,42.3,40.6,43.6,41.3,45.1,45.3,0.0,0.0,0.0,0.0,0.0,0.0,0.0,0.0,0.0,0.0,0.0,0.0,0.0,0.0,0.0,0.0,0.0,0.0,0.0,0.0,0.0,0.0,0.0,0.0,0.0,0.0,0.0,0.0,0.0,0.0,0.0,0.0,0.0,0.0,0.0,0.0,0.0,0.0,0.0,0.0,0.0,0.0,0.0,0.0,0.0,0.0,0.0,0.0
2026-01-25 14:42:27,53.6,6.2,running,53.8,38.2,70.2,34.2,58.0,35.6,57.0,36.0,53.8,36.0,58.3,37.8,56.4,37.9,57.1,36.7,56.5,37.1,51.1,34.7,51.8,32.4,48.0,30.2,48.2,30.1,49.1,32.0,47.8,33.9,47.5,51.6,47.3,41.8,47.3,43.6,43.8,41.3,42.2,42.7,42.7,41.3,43.3,41.8,40.2,42.4,50.7,45.5,0.0,0.0,0.0,0.0,0.0,0.0,0.0,0.0,0.0,0.0,0.0,0.0,0.0,0.0,0.0,0.0,0.0,0.0,0.0,0.0,0.0,0.0,0.0,0.0,0.0,0.0,0.0,0.0,0.0,0.0,0.0,0.0,0.0,0.0,0.0,0.0,0.0,0.0,0.0,0.0,0.0,0.0,0.0,0.0,0.0,0.0,0.0,0.0
2026-01-25 14:42:30,37.3,0.0,running,54.2,37.1,65.2,36.2,56.5,35.3,51.6,36.2,54.7,33.5,55.1,35.3,49.6,36.8,54.0,36.4,54.7,37.1,53.6,36.6,55.2,31.7,54.9,32.0,50.4,29.1,54.9,31.2,51.6,33.0,42.0,46.7,39.3,38.8,40.7,37.8,40.4,37.1,37.1,44.6,42.2,38.8,42.6,38.8,41.1,40.0,52.9,40.0,0.0,0.0,0.0,0.0,0.0,0.0,0.0,0.0,0.0,0.0,0.0,0.0,0.0,0.0,0.0,0.0,0.0,0.0,0.0,0.0,0.0,0.0,0.0,0.0,0.0,0.0,0.0,0.0,0.0,0.0,0.0,0.0,0.0,0.0,0.0,0.0,0.0,0.0,0.0,0.0,0.0,0.0,0.0,0.0,0.0,0.0,0.0,0.0
2026-01-25 14:42:34,25.9,3.1,running,39.3,12.1,47.1,12.4,45.3,12.1,40.2,12.9,43.1,12.0,42.7,13.8,42.4,13.4,40.2,14.7,41.6,15.6,44.6,14.7,41.6,11.2,45.1,10.8,42.2,9.8,45.1,10.2,44.0,10.7,24.6,30.8,20.1,13.3,21.0,14.7,20.1,14.7,17.3,13.3,17.0,13.3,19.0,13.4,16.1,15.2,42.9,15.2,0.0,0.0,0.0,0.0,0.0,0.0,0.0,0.0,0.0,0.0,0.0,0.0,0.0,0.0,0.0,0.0,0.0,0.0,0.0,0.0,0.0,0.0,0.0,0.0,0.0,0.0,0.0,0.0,0.0,0.0,0.0,0.0,0.0,0.0,0.0,0.0,0.0,0.0,0.0,0.0,0.0,0.0,0.0,0.0,0.0,0.0,0.0,0.0
2026-01-25 14:42:37,50.4,3.1,running,59.7,37.9,70.7,35.6,57.3,37.2,56.0,37.1,54.7,37.3,53.5,36.9,54.2,35.8,53.1,37.6,55.3,40.7,56.6,37.8,58.4,34.5,56.9,33.2,55.3,30.7,51.6,33.8,52.0,32.9,39.8,53.5,42.5,42.7,42.3,45.1,39.2,42.0,42.7,43.8,44.4,41.2,42.7,43.1,44.1,41.8,53.5,44.9,0.0,0.0,0.0,0.0,0.0,0.0,0.0,0.0,0.0,0.0,0.0,0.0,0.0,0.0,0.0,0.0,0.0,0.0,0.0,0.0,0.0,0.0,0.0,0.0,0.0,0.0,0.0,0.0,0.0,0.0,0.0,0.0,0.0,0.0,0.0,0.0,0.0,0.0,0.0,0.0,0.0,0.0,0.0,0.0,0.0,0.0,0.0,0.0
2026-01-25 14:42:41,16.0,6.2,running,59.6,35.8,66.4,33.8,53.3,32.7,51.3,36.4,49.8,34.4,56.7,35.0,46.9,33.6,55.8,39.6,51.8,37.2,50.7,38.1,56.2,33.0,56.0,30.0,54.2,30.5,56.0,30.4,53.8,33.6,56.0,45.8,47.1,39.7,42.9,38.4,38.2,38.7,39.1,37.9,39.4,37.1,36.4,38.7,38.2,37.9,54.0,41.1,0.0,0.0,0.0,0.0,0.0,0.0,0.0,0.0,0.0,0.0,0.0,0.0,0.0,0.0,0.0,0.0,0.0,0.0,0.0,0.0,0.0,0.0,0.0,0.0,0.0,0.0,0.0,0.0,0.0,0.0,0.0,0.0,0.0,0.0,0.0,0.0,0.0,0.0,0.0,0.0,0.0,0.0,0.0,0.0,0.0,0.0,0.0,0.0
2026-01-25 14:42:44,14.4,3.1,running,49.1,29.1,59.2,29.2,52.7,23.6,48.9,28.8,51.1,25.2,52.7,26.2,51.1,25.8,49.8,25.9,50.2,26.8,53.1,21.8,53.1,24.1,49.6,22.7,50.2,20.4,46.0,23.2,48.7,26.2,36.2,37.3,31.7,27.4,29.5,28.6,30.8,30.7,30.4,28.4,31.4,29.6,33.0,29.8,30.9,29.5,44.9,31.7,0.0,0.0,0.0,0.0,0.0,0.0,0.0,0.0,0.0,0.0,0.0,0.0,0.0,0.0,0.0,0.0,0.0,0.0,0.0,0.0,0.0,0.0,0.0,0.0,0.0,0.0,0.0,0.0,0.0,0.0,0.0,0.0,0.0,0.0,0.0,0.0,0.0,0.0,0.0,0.0,0.0,0.0,0.0,0.0,0.0,0.0,0.0,0.0
2026-01-25 14:42:48,29.0,6.2,running,51.8,35.4,64.9,27.0,58.6,33.3,55.8,31.6,54.7,31.2,50.4,33.0,55.6,29.8,51.3,33.8,50.7,33.8,55.6,31.2,55.8,30.8,56.4,27.7,53.8,27.2,54.7,29.5,52.2,29.5,40.7,45.3,39.1,35.6,38.9,35.3,36.4,36.4,38.7,35.7,30.5,35.6,40.4,33.0,34.1,36.2,50.9,33.8,0.0,0.0,0.0,0.0,0.0,0.0,0.0,0.0,0.0,0.0,0.0,0.0,0.0,0.0,0.0,0.0,0.0,0.0,0.0,0.0,0.0,0.0,0.0,0.0,0.0,0.0,0.0,0.0,0.0,0.0,0.0,0.0,0.0,0.0,0.0,0.0,0.0,0.0,0.0,0.0,0.0,0.0,0.0,0.0,0.0,0.0,0.0,0.0
2026-01-25 14:42:51,24.7,3.1,running,52.4,30.9,61.3,30.8,56.7,30.2,54.9,32.2,50.9,31.1,54.4,32.6,53.1,36.1,52.0,33.5,49.6,30.4,50.9,28.6,50.0,27.6,50.4,30.1,48.2,25.8,43.6,25.3,45.5,27.0,41.5,44.9,36.6,35.6,37.1,38.8,39.3,35.7,38.7,38.5,39.1,33.3,39.7,35.1,42.4,35.1,49.6,41.3,0.0,0.0,0.0,0.0,0.0,0.0,0.0,0.0,0.0,0.0,0.0,0.0,0.0,0.0,0.0,0.0,0.0,0.0,0.0,0.0,0.0,0.0,0.0,0.0,0.0,0.0,0.0,0.0,0.0,0.0,0.0,0.0,0.0,0.0,0.0,0.0,0.0,0.0,0.0,0.0,0.0,0.0,0.0,0.0,0.0,0.0,0.0,0.0
2026-01-25 14:42:55,16.4,6.2,running,51.8,20.0,58.5,21.1,48.2,20.4,49.6,20.1,51.3,21.8,44.6,20.4,42.0,19.4,46.9,21.7,49.1,21.1,49.6,19.9,46.0,21.2,47.3,18.5,41.8,18.1,39.7,19.1,39.3,20.3,42.4,37.3,37.8,20.9,34.4,23.5,23.2,24.2,26.5,24.1,21.9,22.7,22.3,23.1,24.1,23.6,48.2,28.3,0.0,0.0,0.0,0.0,0.0,0.0,0.0,0.0,0.0,0.0,0.0,0.0,0.0,0.0,0.0,0.0,0.0,0.0,0.0,0.0,0.0,0.0,0.0,0.0,0.0,0.0,0.0,0.0,0.0,0.0,0.0,0.0,0.0,0.0,0.0,0.0,0.0,0.0,0.0,0.0,0.0,0.0,0.0,0.0,0.0,0.0,0.0,0.0
2026-01-25 14:42:58,39.0,6.2,running,50.7,22.3,58.3,22.4,52.0,22.8,48.2,27.4,52.2,22.0,48.2,23.2,44.0,23.2,46.2,23.8,47.6,26.5,51.1,23.3,43.8,21.0,42.9,21.0,41.2,22.2,46.7,20.4,38.8,23.3,36.4,41.0,33.8,27.4,30.7,27.4,28.3,29.6,28.1,27.8,31.7,26.5,28.1,26.8,29.5,25.8,47.6,28.1,0.0,0.0,0.0,0.0,0.0,0.0,0.0,0.0,0.0,0.0,0.0,0.0,0.0,0.0,0.0,0.0,0.0,0.0,0.0,0.0,0.0,0.0,0.0,0.0,0.0,0.0,0.0,0.0,0.0,0.0,0.0,0.0,0.0,0.0,0.0,0.0,0.0,0.0,0.0,0.0,0.0,0.0,0.0,0.0,0.0,0.0,0.0,0.0
2026-01-25 14:43:02,35.1,3.1,running,54.9,39.9,69.8,36.9,55.8,39.6,54.0,35.6,58.5,39.3,56.5,36.8,51.6,39.9,57.1,40.2,56.5,39.9,57.8,39.2,59.4,32.9,57.6,31.8,54.3,29.3,55.8,31.8,51.1,36.2,44.8,53.6,48.0,41.9,50.0,44.9,43.6,44.9,41.7,43.1,41.5,44.2,43.9,44.0,40.9,42.9,53.3,46.9,0.0,0.0,0.0,0.0,0.0,0.0,0.0,0.0,0.0,0.0,0.0,0.0,0.0,0.0,0.0,0.0,0.0,0.0,0.0,0.0,0.0,0.0,0.0,0.0,0.0,0.0,0.0,0.0,0.0,0.0,0.0,0.0,0.0,0.0,0.0,0.0,0.0,0.0,0.0,0.0,0.0,0.0,0.0,0.0,0.0,0.0,0.0,0.0
2026-01-25 14:43:05,63.0,3.1,running,47.3,28.8,56.6,26.2,45.1,28.0,49.6,31.0,46.2,27.4,46.2,28.8,47.3,29.6,49.8,28.8,45.3,28.3,48.4,27.6,52.4,25.8,49.3,26.4,51.1,24.0,51.1,22.3,48.4,26.5,41.8,44.9,40.9,31.2,37.4,29.8,34.8,32.0,32.7,30.2,31.1,31.1,32.7,31.7,34.8,30.8,46.7,34.2,0.0,0.0,0.0,0.0,0.0,0.0,0.0,0.0,0.0,0.0,0.0,0.0,0.0,0.0,0.0,0.0,0.0,0.0,0.0,0.0,0.0,0.0,0.0,0.0,0.0,0.0,0.0,0.0,0.0,0.0,0.0,0.0,0.0,0.0,0.0,0.0,0.0,0.0,0.0,0.0,0.0,0.0,0.0,0.0,0.0,0.0,0.0,0.0
2026-01-25 14:43:09,53.3,6.2,running,50.9,20.4,62.9,23.0,51.1,20.4,54.0,23.1,50.2,23.5,47.6,23.1,49.1,24.0,44.9,25.2,46.2,24.4,47.6,21.3,50.7,21.7,46.2,18.2,43.1,22.2,43.6,19.6,45.8,22.7,34.1,39.6,29.8,28.0,31.0,26.2,26.7,27.1,28.4,28.9,26.2,26.7,31.1,25.8,35.6,24.0,48.0,30.2,0.0,0.0,0.0,0.0,0.0,0.0,0.0,0.0,0.0,0.0,0.0,0.0,0.0,0.0,0.0,0.0,0.0,0.0,0.0,0.0,0.0,0.0,0.0,0.0,0.0,0.0,0.0,0.0,0.0,0.0,0.0,0.0,0.0,0.0,0.0,0.0,0.0,0.0,0.0,0.0,0.0,0.0,0.0,0.0,0.0,0.0,0.0,0.0
2026-01-25 14:43:12,50.1,6.2,running,54.0,37.7,68.0,35.4,58.5,38.8,59.6,32.6,61.2,31.2,62.1,36.3,53.1,37.8,53.4,38.8,46.0,40.8,58.5,32.7,57.4,34.7,59.6,33.2,60.1,32.3,57.4,35.4,55.8,37.8,52.2,58.0,52.9,52.9,49.6,43.3,43.0,43.0,43.5,41.8,36.6,44.1,44.3,44.6,51.6,44.4,53.4,44.8,0.0,0.0,0.0,0.0,0.0,0.0,0.0,0.0,0.0,0.0,0.0,0.0,0.0,0.0,0.0,0.0,0.0,0.0,0.0,0.0,0.0,0.0,0.0,0.0,0.0,0.0,0.0,0.0,0.0,0.0,0.0,0.0,0.0,0.0,0.0,0.0,0.0,0.0,0.0,0.0,0.0,0.0,0.0,0.0,0.0,0.0,0.0,0.0
2026-01-25 14:43:16,20.4,18.7,running,41.5,17.8,83.3,16.0,50.4,16.1,42.9,17.0,44.2,16.5,43.6,16.9,43.1,17.3,37.6,18.8,45.1,16.9,40.4,18.2,41.3,17.7,42.9,13.3,44.2,12.9,37.3,17.8,37.8,16.9,37.3,31.1,33.5,26.7,29.0,18.2,26.5,23.5,28.9,18.8,20.1,22.1,28.7,23.1,27.9,18.7,37.3,27.9,0.0,0.0,0.0,0.0,0.0,0.0,0.0,0.0,0.0,0.0,0.0,0.0,0.0,0.0,0.0,0.0,0.0,0.0,0.0,0.0,0.0,0.0,0.0,0.0,0.0,0.0,0.0,0.0,0.0,0.0,0.0,0.0,0.0,0.0,0.0,0.0,0.0,0.0,0.0,0.0,0.0,0.0,0.0,0.0,0.0,0.0,0.0,0.0
2026-01-25 14:43:19,36.2,9.4,running,47.8,24.0,57.9,24.4,47.6,22.1,42.7,24.0,48.4,22.9,49.6,22.2,45.6,26.1,42.0,27.6,38.7,25.3,44.9,27.3,44.9,20.4,45.8,19.5,41.2,20.5,45.1,24.0,41.8,25.7,41.3,40.4,32.7,36.1,39.1,27.3,37.5,26.5,39.2,24.4,32.0,28.4,37.8,24.6,42.7,24.3,46.7,29.5,0.0,0.0,0.0,0.0,0.0,0.0,0.0,0.0,0.0,0.0,0.0,0.0,0.0,0.0,0.0,0.0,0.0,0.0,0.0,0.0,0.0,0.0,0.0,0.0,0.0,0.0,0.0,0.0,0.0,0.0,0.0,0.0,0.0,0.0,0.0,0.0,0.0,0.0,0.0,0.0,0.0,0.0,0.0,0.0,0.0,0.0,0.0,0.0
2026-01-25 14:43:23,39.7,3.1,running,47.8,16.1,64.0,18.3,53.1,16.6,50.9,16.1,44.6,18.2,46.0,18.4,46.9,17.3,46.4,15.2,45.7,15.6,47.3,17.0,47.3,18.8,47.3,17.9,47.1,15.6,46.2,16.6,47.1,16.4,43.3,23.2,46.9,35.3,29.0,20.6,27.1,19.3,22.7,18.3,20.1,23.7,30.4,17.9,27.2,17.5,46.4,22.4,0.0,0.0,0.0,0.0,0.0,0.0,0.0,0.0,0.0,0.0,0.0,0.0,0.0,0.0,0.0,0.0,0.0,0.0,0.0,0.0,0.0,0.0,0.0,0.0,0.0,0.0,0.0,0.0,0.0,0.0,0.0,0.0,0.0,0.0,0.0,0.0,0.0,0.0,0.0,0.0,0.0,0.0,0.0,0.0,0.0,0.0,0.0,0.0
2026-01-25 14:43:26,50.3,6.2,running,63.4,35.3,64.3,36.3,68.0,31.7,57.1,36.3,57.8,36.3,57.6,35.7,58.0,35.7,58.0,41.5,51.8,36.2,55.8,35.1,58.5,32.1,58.7,31.9,58.5,32.0,58.2,32.3,56.2,35.9,50.0,56.5,48.0,49.6,42.4,39.1,43.9,39.6,44.2,42.0,43.0,38.2,42.2,43.6,50.4,42.0,53.5,46.4,0.0,0.0,0.0,0.0,0.0,0.0,0.0,0.0,0.0,0.0,0.0,0.0,0.0,0.0,0.0,0.0,0.0,0.0,0.0,0.0,0.0,0.0,0.0,0.0,0.0,0.0,0.0,0.0,0.0,0.0,0.0,0.0,0.0,0.0,0.0,0.0,0.0,0.0,0.0,0.0,0.0,0.0,0.0,0.0,0.0,0.0,0.0,0.0
2026-01-25 14:43:30,41.6,3.1,running,57.3,23.6,57.6,42.5,52.9,23.0,52.4,23.2,53.8,23.0,52.7,23.5,52.2,26.1,46.2,26.5,42.9,25.7,52.7,26.1,53.1,20.9,49.3,20.9,49.6,20.0,49.1,20.4,44.0,26.1,43.6,44.7,39.7,32.4,40.1,29.3,37.4,28.9,33.2,33.6,33.6,27.1,33.3,29.6,40.9,27.9,51.6,30.4,0.0,0.0,0.0,0.0,0.0,0.0,0.0,0.0,0.0,0.0,0.0,0.0,0.0,0.0,0.0,0.0,0.0,0.0,0.0,0.0,0.0,0.0,0.0,0.0,0.0,0.0,0.0,0.0,0.0,0.0,0.0,0.0,0.0,0.0,0.0,0.0,0.0,0.0,0.0,0.0,0.0,0.0,0.0,0.0,0.0,0.0,0.0,0.0
2026-01-25 14:43:33,39.4,6.2,running,55.7,30.8,64.0,31.4,51.3,33.3,51.8,31.7,47.6,31.8,57.1,30.8,53.6,35.1,58.1,38.3,53.1,30.8,52.0,32.6,51.8,32.3,50.0,30.5,53.6,27.8,53.2,30.4,50.5,30.8,52.2,47.5,44.2,51.1,45.5,35.4,40.0,34.7,41.1,40.2,44.1,34.5,47.1,33.5,40.6,38.6,47.1,43.7,0.0,0.0,0.0,0.0,0.0,0.0,0.0,0.0,0.0,0.0,0.0,0.0,0.0,0.0,0.0,0.0,0.0,0.0,0.0,0.0,0.0,0.0,0.0,0.0,0.0,0.0,0.0,0.0,0.0,0.0,0.0,0.0,0.0,0.0,0.0,0.0,0.0,0.0,0.0,0.0,0.0,0.0,0.0,0.0,0.0,0.0,0.0,0.0
2026-01-25 14:43:37,29.0,3.1,running,50.2,28.8,55.3,26.1,47.8,26.1,45.6,29.3,43.6,27.0,48.4,29.3,52.0,27.8,48.0,33.0,46.9,30.5,51.1,29.8,50.2,24.8,51.6,20.4,48.9,24.3,53.3,21.8,49.8,25.2,46.7,35.7,42.5,44.0,36.7,32.3,33.8,30.2,34.2,33.6,33.9,28.3,40.8,32.0,43.6,31.3,47.1,32.6,0.0,0.0,0.0,0.0,0.0,0.0,0.0,0.0,0.0,0.0,0.0,0.0,0.0,0.0,0.0,0.0,0.0,0.0,0.0,0.0,0.0,0.0,0.0,0.0,0.0,0.0,0.0,0.0,0.0,0.0,0.0,0.0,0.0,0.0,0.0,0.0,0.0,0.0,0.0,0.0,0.0,0.0,0.0,0.0,0.0,0.0,0.0,0.0
2026-01-25 14:43:40,27.5,3.1,running,58.3,33.5,64.4,32.1,56.7,30.2,57.8,32.4,57.0,29.6,53.1,32.7,58.3,33.5,56.7,33.3,55.4,34.1,50.2,30.9,48.9,30.6,49.8,30.0,49.1,29.6,48.0,29.1,48.0,32.9,63.4,41.1,52.0,42.4,46.4,37.2,46.4,42.6,45.1,35.9,39.0,37.9,39.1,37.1,39.3,37.5,54.0,41.3,0.0,0.0,0.0,0.0,0.0,0.0,0.0,0.0,0.0,0.0,0.0,0.0,0.0,0.0,0.0,0.0,0.0,0.0,0.0,0.0,0.0,0.0,0.0,0.0,0.0,0.0,0.0,0.0,0.0,0.0,0.0,0.0,0.0,0.0,0.0,0.0,0.0,0.0,0.0,0.0,0.0,0.0,0.0,0.0,0.0,0.0,0.0,0.0
2026-01-25 14:43:44,48.8,6.2,running,67.1,46.0,82.7,43.8,67.4,45.3,65.0,44.9,63.0,43.8,63.9,46.9,60.9,50.0,60.0,48.2,61.3,48.9,63.4,49.1,60.9,44.2,61.8,41.8,62.7,39.1,57.1,42.2,55.9,48.9,51.6,58.9,50.0,58.2,52.4,50.7,53.8,51.3,50.0,57.3,52.4,53.8,54.6,49.1,51.6,55.4,60.3,52.9,0.0,0.0,0.0,0.0,0.0,0.0,0.0,0.0,0.0,0.0,0.0,0.0,0.0,0.0,0.0,0.0,0.0,0.0,0.0,0.0,0.0,0.0,0.0,0.0,0.0,0.0,0.0,0.0,0.0,0.0,0.0,0.0,0.0,0.0,0.0,0.0,0.0,0.0,0.0,0.0,0.0,0.0,0.0,0.0,0.0,0.0,0.0,0.0
2026-01-25 14:43:47,22.0,3.1,running,52.6,13.5,64.4,13.5,47.8,12.0,41.8,14.6,36.2,16.1,38.5,13.0,40.4,13.9,35.4,17.0,40.2,15.2,42.4,14.7,39.9,17.3,37.2,13.1,36.2,15.6,39.5,13.5,35.4,13.9,29.5,30.1,35.4,15.7,31.4,15.7,26.5,20.5,24.7,23.8,29.8,16.5,32.0,17.0,24.6,16.6,40.4,17.0,0.0,0.0,0.0,0.0,0.0,0.0,0.0,0.0,0.0,0.0,0.0,0.0,0.0,0.0,0.0,0.0,0.0,0.0,0.0,0.0,0.0,0.0,0.0,0.0,0.0,0.0,0.0,0.0,0.0,0.0,0.0,0.0,0.0,0.0,0.0,0.0,0.0,0.0,0.0,0.0,0.0,0.0,0.0,0.0,0.0,0.0,0.0,0.0
2026-01-25 14:43:51,44.5,3.1,running,64.7,32.5,71.5,31.0,58.8,30.2,56.6,31.1,56.9,31.4,53.1,29.2,50.9,31.9,52.0,32.4,52.9,30.5,55.9,29.4,56.4,25.3,55.3,26.0,56.0,27.9,55.1,26.9,57.1,30.5,55.1,43.3,53.5,31.3,52.6,35.0,41.2,36.7,41.2,32.7,36.6,32.9,38.7,36.3,37.3,36.8,56.4,36.6,0.0,0.0,0.0,0.0,0.0,0.0,0.0,0.0,0.0,0.0,0.0,0.0,0.0,0.0,0.0,0.0,0.0,0.0,0.0,0.0,0.0,0.0,0.0,0.0,0.0,0.0,0.0,0.0,0.0,0.0,0.0,0.0,0.0,0.0,0.0,0.0,0.0,0.0,0.0,0.0,0.0,0.0,0.0,0.0,0.0,0.0,0.0,0.0
2026-01-25 14:43:54,60.2,6.2,running,68.7,37.1,78.0,38.4,65.3,37.1,61.8,38.1,60.4,36.3,57.1,37.2,56.0,40.3,59.6,39.7,59.6,39.3,58.2,37.9,59.1,36.6,57.3,37.1,56.4,31.6,55.1,33.5,52.4,37.1,48.0,53.8,55.6,41.3,52.2,44.6,44.9,42.2,46.7,41.1,40.3,41.7,42.7,40.8,38.4,42.9,50.9,42.4,0.0,0.0,0.0,0.0,0.0,0.0,0.0,0.0,0.0,0.0,0.0,0.0,0.0,0.0,0.0,0.0,0.0,0.0,0.0,0.0,0.0,0.0,0.0,0.0,0.0,0.0,0.0,0.0,0.0,0.0,0.0,0.0,0.0,0.0,0.0,0.0,0.0,0.0,0.0,0.0,0.0,0.0,0.0,0.0,0.0,0.0,0.0,0.0
2026-01-25 14:43:58,54.0,3.1,running,54.6,31.4,64.4,20.9,58.0,18.2,53.6,20.4,50.2,20.1,55.8,21.8,58.9,23.7,51.8,25.4,51.3,25.0,54.9,22.8,51.1,22.3,56.2,20.5,57.6,21.9,55.6,22.8,60.0,22.3,49.8,33.5,51.3,25.3,52.7,24.0,44.4,22.1,39.3,24.6,36.0,25.3,37.5,21.8,38.7,24.1,55.8,28.6,0.0,0.0,0.0,0.0,0.0,0.0,0.0,0.0,0.0,0.0,0.0,0.0,0.0,0.0,0.0,0.0,0.0,0.0,0.0,0.0,0.0,0.0,0.0,0.0,0.0,0.0,0.0,0.0,0.0,0.0,0.0,0.0,0.0,0.0,0.0,0.0,0.0,0.0,0.0,0.0,0.0,0.0,0.0,0.0,0.0,0.0,0.0,0.0
2026-01-25 14:44:01,47.8,3.1,running,55.6,41.3,63.6,36.0,54.2,29.9,54.0,29.9,53.8,32.0,60.4,36.0,55.3,37.8,59.6,39.4,59.4,34.4,56.1,35.6,59.8,32.7,59.2,34.2,57.4,29.8,57.1,36.4,50.4,35.3,58.2,44.6,59.8,39.1,53.3,40.9,50.7,41.3,51.6,42.0,45.8,40.6,48.7,40.0,53.6,45.5,49.3,43.1,0.0,0.0,0.0,0.0,0.0,0.0,0.0,0.0,0.0,0.0,0.0,0.0,0.0,0.0,0.0,0.0,0.0,0.0,0.0,0.0,0.0,0.0,0.0,0.0,0.0,0.0,0.0,0.0,0.0,0.0,0.0,0.0,0.0,0.0,0.0,0.0,0.0,0.0,0.0,0.0,0.0,0.0,0.0,0.0,0.0,0.0,0.0,0.0
2026-01-25 14:44:05,30.7,9.4,running,52.2,28.8,65.2,25.2,53.8,32.3,47.6,27.0,51.1,25.2,48.4,27.4,44.9,31.3,50.2,31.6,51.3,28.8,52.7,26.2,51.6,26.7,55.3,22.5,47.8,21.2,50.9,22.1,46.2,24.7,55.6,31.9,44.9,37.3,46.2,31.1,42.9,31.0,36.7,31.0,33.8,30.5,40.7,29.3,38.2,34.1,54.6,38.7,0.0,0.0,0.0,0.0,0.0,0.0,0.0,0.0,0.0,0.0,0.0,0.0,0.0,0.0,0.0,0.0,0.0,0.0,0.0,0.0,0.0,0.0,0.0,0.0,0.0,0.0,0.0,0.0,0.0,0.0,0.0,0.0,0.0,0.0,0.0,0.0,0.0,0.0,0.0,0.0,0.0,0.0,0.0,0.0,0.0,0.0,0.0,0.0
2026-01-25 14:44:08,27.9,3.1,running,46.7,20.6,53.6,18.0,46.9,23.7,45.5,21.6,48.2,21.2,47.3,19.4,43.8,23.4,46.4,23.3,45.5,22.1,48.2,18.9,45.1,20.3,47.3,17.1,46.2,15.7,49.1,16.7,49.1,19.8,44.6,24.8,38.2,34.4,31.7,23.3,29.9,21.9,32.7,22.5,31.1,22.5,28.4,21.4,42.4,20.6,47.8,25.2,0.0,0.0,0.0,0.0,0.0,0.0,0.0,0.0,0.0,0.0,0.0,0.0,0.0,0.0,0.0,0.0,0.0,0.0,0.0,0.0,0.0,0.0,0.0,0.0,0.0,0.0,0.0,0.0,0.0,0.0,0.0,0.0,0.0,0.0,0.0,0.0,0.0,0.0,0.0,0.0,0.0,0.0,0.0,0.0,0.0,0.0,0.0,0.0
2026-01-25 14:44:12,51.1,3.1,running,51.5,28.0,63.1,26.1,55.6,25.0,52.7,26.1,51.6,27.1,54.5,26.2,52.7,28.9,50.0,28.0,54.9,28.4,54.5,26.7,54.5,25.2,50.9,24.9,50.0,22.2,45.8,25.2,46.9,24.8,42.4,34.5,34.5,40.0,32.9,30.2,28.7,32.6,32.2,31.4,27.0,37.2,30.8,36.9,48.9,32.7,50.7,31.9,0.0,0.0,0.0,0.0,0.0,0.0,0.0,0.0,0.0,0.0,0.0,0.0,0.0,0.0,0.0,0.0,0.0,0.0,0.0,0.0,0.0,0.0,0.0,0.0,0.0,0.0,0.0,0.0,0.0,0.0,0.0,0.0,0.0,0.0,0.0,0.0,0.0,0.0,0.0,0.0,0.0,0.0,0.0,0.0,0.0,0.0,0.0,0.0
2026-01-25 14:44:15,42.8,3.1,running,58.7,35.0,66.1,40.4,60.2,37.2,58.7,38.2,60.2,37.2,59.7,37.2,59.1,38.1,56.9,38.9,56.6,38.9,56.4,35.4,58.4,35.6,51.6,34.5,48.0,31.0,48.9,30.0,49.3,34.5,49.3,47.6,51.8,49.8,47.8,42.9,41.2,43.4,41.1,45.1,41.8,42.7,39.4,41.3,51.1,41.3,53.5,44.9,0.0,0.0,0.0,0.0,0.0,0.0,0.0,0.0,0.0,0.0,0.0,0.0,0.0,0.0,0.0,0.0,0.0,0.0,0.0,0.0,0.0,0.0,0.0,0.0,0.0,0.0,0.0,0.0,0.0,0.0,0.0,0.0,0.0,0.0,0.0,0.0,0.0,0.0,0.0,0.0,0.0,0.0,0.0,0.0,0.0,0.0,0.0,0.0
2026-01-25 14:44:19,50.8,9.4,running,54.4,31.1,57.8,29.0,48.7,29.8,50.9,30.8,50.0,29.6,51.1,29.0,50.4,29.5,50.0,30.4,42.4,29.0,49.3,30.4,47.3,26.7,53.3,24.9,51.8,23.7,52.9,27.6,53.5,28.6,47.3,33.3,44.2,40.0,43.1,33.9,41.1,32.1,36.2,31.7,34.7,29.9,35.7,31.1,53.3,33.5,55.1,30.8,0.0,0.0,0.0,0.0,0.0,0.0,0.0,0.0,0.0,0.0,0.0,0.0,0.0,0.0,0.0,0.0,0.0,0.0,0.0,0.0,0.0,0.0,0.0,0.0,0.0,0.0,0.0,0.0,0.0,0.0,0.0,0.0,0.0,0.0,0.0,0.0,0.0,0.0,0.0,0.0,0.0,0.0,0.0,0.0,0.0,0.0,0.0,0.0
2026-01-25 14:44:22,15.4,6.2,running,52.4,24.8,62.7,23.1,57.3,23.1,55.1,23.1,53.3,23.7,44.4,25.3,50.2,24.7,45.8,28.3,50.2,28.4,51.6,26.9,49.8,25.1,48.9,19.7,52.7,20.2,46.2,21.5,44.9,23.3,37.3,29.1,37.8,37.9,36.0,28.9,25.3,29.6,24.4,29.0,25.3,28.7,26.1,29.0,44.4,33.9,48.4,29.6,0.0,0.0,0.0,0.0,0.0,0.0,0.0,0.0,0.0,0.0,0.0,0.0,0.0,0.0,0.0,0.0,0.0,0.0,0.0,0.0,0.0,0.0,0.0,0.0,0.0,0.0,0.0,0.0,0.0,0.0,0.0,0.0,0.0,0.0,0.0,0.0,0.0,0.0,0.0,0.0,0.0,0.0,0.0,0.0,0.0,0.0,0.0,0.0
2026-01-25 14:44:26,39.7,6.2,running,55.8,27.8,57.6,28.7,50.4,28.6,49.8,26.8,53.3,26.5,52.2,30.4,48.9,30.5,46.0,33.2,49.1,26.5,53.1,27.1,53.8,26.0,55.6,26.8,51.3,24.0,54.3,25.2,50.2,24.9,43.8,31.6,40.0,39.3,39.3,31.2,34.7,32.4,37.1,30.8,30.9,31.6,29.6,30.2,48.7,31.8,51.1,32.6,0.0,0.0,0.0,0.0,0.0,0.0,0.0,0.0,0.0,0.0,0.0,0.0,0.0,0.0,0.0,0.0,0.0,0.0,0.0,0.0,0.0,0.0,0.0,0.0,0.0,0.0,0.0,0.0,0.0,0.0,0.0,0.0,0.0,0.0,0.0,0.0,0.0,0.0,0.0,0.0,0.0,0.0,0.0,0.0,0.0,0.0,0.0,0.0
2026-01-25 14:44:29,24.3,6.2,running,45.1,23.6,55.1,17.9,45.9,18.7,39.7,24.6,46.0,21.1,39.6,19.6,45.7,19.1,44.2,24.1,47.8,21.3,42.2,19.6,43.1,18.1,38.9,15.1,45.6,18.2,48.4,17.0,37.9,22.7,29.6,31.7,27.3,32.7,31.1,22.8,24.0,24.4,25.6,18.8,25.3,19.1,25.0,23.7,37.1,21.6,42.0,28.0,0.0,0.0,0.0,0.0,0.0,0.0,0.0,0.0,0.0,0.0,0.0,0.0,0.0,0.0,0.0,0.0,0.0,0.0,0.0,0.0,0.0,0.0,0.0,0.0,0.0,0.0,0.0,0.0,0.0,0.0,0.0,0.0,0.0,0.0,0.0,0.0,0.0,0.0,0.0,0.0,0.0,0.0,0.0,0.0,0.0,0.0,0.0,0.0
2026-01-25 14:44:33,59.0,3.1,running,59.0,46.4,74.6,41.2,60.8,41.2,65.2,43.0,63.0,42.9,61.3,44.3,62.8,44.2,61.9,43.4,58.0,45.3,59.0,41.1,63.3,38.2,58.8,36.4,61.9,36.2,64.6,35.1,59.7,37.6,50.0,49.8,47.8,56.2,49.8,45.8,50.4,49.3,50.9,47.4,44.7,48.7,51.8,47.8,58.4,48.4,59.7,47.3,0.0,0.0,0.0,0.0,0.0,0.0,0.0,0.0,0.0,0.0,0.0,0.0,0.0,0.0,0.0,0.0,0.0,0.0,0.0,0.0,0.0,0.0,0.0,0.0,0.0,0.0,0.0,0.0,0.0,0.0,0.0,0.0,0.0,0.0,0.0,0.0,0.0,0.0,0.0,0.0,0.0,0.0,0.0,0.0,0.0,0.0,0.0,0.0
2026-01-25 14:44:36,37.9,0.0,running,57.0,34.8,68.3,36.5,59.2,35.1,58.3,35.4,59.2,32.5,58.2,36.1,53.4,39.2,57.4,40.1,59.4,37.2,57.6,36.4,58.7,32.3,55.8,30.9,56.5,29.9,57.8,31.7,53.8,33.8,43.9,40.6,42.2,50.0,38.4,39.9,40.2,38.4,38.6,39.6,44.8,39.6,40.1,40.9,49.8,41.1,55.2,43.6,0.0,0.0,0.0,0.0,0.0,0.0,0.0,0.0,0.0,0.0,0.0,0.0,0.0,0.0,0.0,0.0,0.0,0.0,0.0,0.0,0.0,0.0,0.0,0.0,0.0,0.0,0.0,0.0,0.0,0.0,0.0,0.0,0.0,0.0,0.0,0.0,0.0,0.0,0.0,0.0,0.0,0.0,0.0,0.0,0.0,0.0,0.0,0.0
2026-01-25 14:44:40,37.4,6.2,running,54.7,32.4,64.4,31.9,54.7,31.4,55.6,33.9,52.0,33.2,56.4,30.1,53.3,32.7,49.6,32.7,55.1,33.9,52.0,33.8,55.8,31.4,52.4,29.1,51.6,26.5,52.4,28.2,46.7,28.3,39.1,33.9,37.6,45.5,38.2,36.4,37.6,37.2,35.4,36.8,34.5,35.5,33.0,36.7,44.9,36.7,50.4,35.0,0.0,0.0,0.0,0.0,0.0,0.0,0.0,0.0,0.0,0.0,0.0,0.0,0.0,0.0,0.0,0.0,0.0,0.0,0.0,0.0,0.0,0.0,0.0,0.0,0.0,0.0,0.0,0.0,0.0,0.0,0.0,0.0,0.0,0.0,0.0,0.0,0.0,0.0,0.0,0.0,0.0,0.0,0.0,0.0,0.0,0.0,0.0,0.0
2026-01-25 14:44:43,48.7,12.5,running,48.7,24.2,63.0,25.9,54.3,24.2,53.6,23.6,52.9,24.1,52.7,24.2,52.2,26.8,49.3,24.6,48.4,28.3,53.1,24.2,48.9,20.2,51.1,19.3,49.6,22.0,48.9,22.8,46.2,22.2,40.4,27.2,32.3,34.8,30.7,25.4,27.1,26.8,30.2,25.0,28.7,25.6,31.5,26.3,49.5,26.0,48.4,30.5,0.0,0.0,0.0,0.0,0.0,0.0,0.0,0.0,0.0,0.0,0.0,0.0,0.0,0.0,0.0,0.0,0.0,0.0,0.0,0.0,0.0,0.0,0.0,0.0,0.0,0.0,0.0,0.0,0.0,0.0,0.0,0.0,0.0,0.0,0.0,0.0,0.0,0.0,0.0,0.0,0.0,0.0,0.0,0.0,0.0,0.0,0.0,0.0
2026-01-25 14:44:47,42.2,6.2,running,48.7,28.3,62.1,28.0,54.4,25.7,52.2,28.1,54.0,27.3,51.6,26.5,54.0,28.8,49.6,30.5,47.1,29.2,49.8,30.1,46.0,25.7,53.7,23.9,51.8,24.3,50.9,25.2,48.5,24.9,40.7,33.3,34.4,41.2,32.9,30.7,31.6,36.6,33.6,31.6,33.2,30.2,33.0,30.8,46.0,36.0,50.2,34.7,0.0,0.0,0.0,0.0,0.0,0.0,0.0,0.0,0.0,0.0,0.0,0.0,0.0,0.0,0.0,0.0,0.0,0.0,0.0,0.0,0.0,0.0,0.0,0.0,0.0,0.0,0.0,0.0,0.0,0.0,0.0,0.0,0.0,0.0,0.0,0.0,0.0,0.0,0.0,0.0,0.0,0.0,0.0,0.0,0.0,0.0,0.0,0.0
2026-01-25 14:44:50,28.1,3.1,running,50.9,25.8,57.5,24.0,50.4,22.7,46.7,23.1,49.1,24.4,40.4,26.7,47.6,26.7,39.4,26.2,45.8,24.4,45.3,25.3,48.0,24.0,53.1,22.2,51.1,20.9,54.0,19.6,50.7,23.1,50.2,28.4,47.1,34.2,40.7,28.4,31.6,27.1,28.4,26.2,29.6,28.0,30.2,29.3,46.5,29.6,49.8,32.9,0.0,0.0,0.0,0.0,0.0,0.0,0.0,0.0,0.0,0.0,0.0,0.0,0.0,0.0,0.0,0.0,0.0,0.0,0.0,0.0,0.0,0.0,0.0,0.0,0.0,0.0,0.0,0.0,0.0,0.0,0.0,0.0,0.0,0.0,0.0,0.0,0.0,0.0,0.0,0.0,0.0,0.0,0.0,0.0,0.0,0.0,0.0,0.0
2026-01-25 14:44:54,36.3,3.1,running,51.1,32.3,66.7,26.8,54.7,26.1,52.4,27.7,51.6,26.1,47.6,27.9,51.3,29.7,48.7,31.4,47.8,30.2,45.1,27.7,52.0,28.7,51.8,31.4,54.2,28.7,56.2,26.0,52.2,26.5,44.6,33.0,45.5,39.0,40.6,33.6,35.7,30.9,37.5,31.8,33.8,30.5,35.6,34.1,48.9,33.5,49.6,33.9,0.0,0.0,0.0,0.0,0.0,0.0,0.0,0.0,0.0,0.0,0.0,0.0,0.0,0.0,0.0,0.0,0.0,0.0,0.0,0.0,0.0,0.0,0.0,0.0,0.0,0.0,0.0,0.0,0.0,0.0,0.0,0.0,0.0,0.0,0.0,0.0,0.0,0.0,0.0,0.0,0.0,0.0,0.0,0.0,0.0,0.0,0.0,0.0
2026-01-25 14:44:57,23.1,3.1,running,52.2,24.3,60.9,24.0,52.4,23.8,50.4,24.9,49.6,23.8,51.6,25.0,42.5,24.7,47.1,24.7,48.2,24.2,47.6,27.1,48.0,20.4,46.7,22.0,44.2,20.8,45.3,19.5,48.4,20.7,40.9,26.7,40.5,34.1,34.7,28.6,32.0,26.9,29.3,28.2,28.3,24.8,31.7,27.3,45.3,26.2,48.9,26.2,0.0,0.0,0.0,0.0,0.0,0.0,0.0,0.0,0.0,0.0,0.0,0.0,0.0,0.0,0.0,0.0,0.0,0.0,0.0,0.0,0.0,0.0,0.0,0.0,0.0,0.0,0.0,0.0,0.0,0.0,0.0,0.0,0.0,0.0,0.0,0.0,0.0,0.0,0.0,0.0,0.0,0.0,0.0,0.0,0.0,0.0,0.0,0.0
2026-01-25 14:45:01,47.5,12.5,running,63.2,42.6,70.2,41.4,61.4,37.7,62.3,41.1,58.3,39.0,56.7,40.8,57.0,40.4,57.0,39.9,57.4,40.2,59.0,36.3,58.5,36.9,61.3,32.3,56.1,35.3,55.4,33.5,57.0,35.0,46.6,51.3,46.2,53.6,43.5,44.8,42.2,44.4,44.6,47.5,43.9,44.6,42.4,45.8,54.0,46.4,57.4,46.8,0.0,0.0,0.0,0.0,0.0,0.0,0.0,0.0,0.0,0.0,0.0,0.0,0.0,0.0,0.0,0.0,0.0,0.0,0.0,0.0,0.0,0.0,0.0,0.0,0.0,0.0,0.0,0.0,0.0,0.0,0.0,0.0,0.0,0.0,0.0,0.0,0.0,0.0,0.0,0.0,0.0,0.0,0.0,0.0,0.0,0.0,0.0,0.0
2026-01-25 14:45:04,38.8,6.2,running,52.4,21.1,59.3,20.4,47.6,20.9,51.6,18.8,45.8,21.3,51.6,20.0,49.6,23.0,40.3,24.7,38.3,24.9,40.8,20.7,46.9,19.4,41.0,19.9,44.2,18.1,43.0,19.1,45.1,19.0,37.2,29.2,35.0,34.8,40.3,23.9,29.6,25.7,31.9,25.7,31.4,27.4,38.3,25.8,49.6,23.9,46.9,30.0,0.0,0.0,0.0,0.0,0.0,0.0,0.0,0.0,0.0,0.0,0.0,0.0,0.0,0.0,0.0,0.0,0.0,0.0,0.0,0.0,0.0,0.0,0.0,0.0,0.0,0.0,0.0,0.0,0.0,0.0,0.0,0.0,0.0,0.0,0.0,0.0,0.0,0.0,0.0,0.0,0.0,0.0,0.0,0.0,0.0,0.0,0.0,0.0
2026-01-25 14:45:08,39.6,12.5,running,56.5,30.0,63.3,29.1,50.0,29.7,54.0,28.9,51.8,29.7,49.8,34.1,47.5,29.1,44.4,33.3,48.0,29.3,48.4,29.1,50.4,23.9,50.7,25.0,46.6,26.8,54.5,23.0,51.6,24.3,43.9,33.6,33.2,44.9,33.8,34.5,34.4,36.5,35.3,34.7,37.8,32.7,37.3,33.0,47.3,35.4,52.4,32.6,0.0,0.0,0.0,0.0,0.0,0.0,0.0,0.0,0.0,0.0,0.0,0.0,0.0,0.0,0.0,0.0,0.0,0.0,0.0,0.0,0.0,0.0,0.0,0.0,0.0,0.0,0.0,0.0,0.0,0.0,0.0,0.0,0.0,0.0,0.0,0.0,0.0,0.0,0.0,0.0,0.0,0.0,0.0,0.0,0.0,0.0,0.0,0.0
2026-01-25 14:45:11,26.7,6.2,running,48.4,24.4,60.4,23.1,46.0,22.6,50.7,23.2,50.2,22.5,49.3,22.4,48.4,25.0,47.5,25.0,46.9,27.6,46.4,23.6,49.5,20.4,48.6,23.9,49.8,22.5,48.7,21.9,48.0,21.4,35.0,31.2,35.6,39.3,30.6,26.3,27.2,29.3,29.1,30.8,27.7,29.0,27.5,29.0,46.7,27.7,49.1,28.4,0.0,0.0,0.0,0.0,0.0,0.0,0.0,0.0,0.0,0.0,0.0,0.0,0.0,0.0,0.0,0.0,0.0,0.0,0.0,0.0,0.0,0.0,0.0,0.0,0.0,0.0,0.0,0.0,0.0,0.0,0.0,0.0,0.0,0.0,0.0,0.0,0.0,0.0,0.0,0.0,0.0,0.0,0.0,0.0,0.0,0.0,0.0,0.0
2026-01-25 14:45:15,41.4,3.1,running,42.9,16.8,54.0,17.3,49.6,14.1,44.7,14.7,47.1,13.7,42.0,14.2,44.7,15.0,46.3,14.5,43.4,14.6,38.1,15.5,38.3,11.9,42.3,12.8,46.7,11.5,38.9,13.7,37.6,12.8,33.0,18.5,29.3,28.6,31.3,15.4,17.6,20.3,25.3,16.7,18.1,17.6,26.9,15.6,47.3,18.1,45.6,23.0,0.0,0.0,0.0,0.0,0.0,0.0,0.0,0.0,0.0,0.0,0.0,0.0,0.0,0.0,0.0,0.0,0.0,0.0,0.0,0.0,0.0,0.0,0.0,0.0,0.0,0.0,0.0,0.0,0.0,0.0,0.0,0.0,0.0,0.0,0.0,0.0,0.0,0.0,0.0,0.0,0.0,0.0,0.0,0.0,0.0,0.0,0.0,0.0
2026-01-25 14:45:18,60.0,6.2,running,61.8,37.1,68.3,36.6,63.4,35.4,61.3,40.4,59.1,35.4,58.9,36.8,57.1,36.8,54.9,38.1,57.3,39.3,57.3,39.7,59.8,30.9,58.0,33.5,60.4,29.6,53.1,32.7,54.5,29.6,49.8,44.2,54.0,47.8,53.1,39.3,50.7,39.7,48.9,42.0,49.8,40.6,47.8,40.9,54.7,43.1,55.4,41.5,0.0,0.0,0.0,0.0,0.0,0.0,0.0,0.0,0.0,0.0,0.0,0.0,0.0,0.0,0.0,0.0,0.0,0.0,0.0,0.0,0.0,0.0,0.0,0.0,0.0,0.0,0.0,0.0,0.0,0.0,0.0,0.0,0.0,0.0,0.0,0.0,0.0,0.0,0.0,0.0,0.0,0.0,0.0,0.0,0.0,0.0,0.0,0.0
2026-01-25 14:45:22,40.4,3.1,running,55.1,27.9,61.8,27.1,53.5,26.5,53.3,29.2,55.1,28.3,55.6,26.5,53.3,29.1,56.4,28.8,57.1,27.9,51.1,27.4,51.6,23.9,53.5,23.0,52.9,22.1,48.0,26.1,48.7,27.0,44.5,36.4,42.1,43.6,46.5,29.8,45.6,29.3,45.1,31.4,45.6,29.8,48.4,30.7,50.9,30.7,52.7,32.7,0.0,0.0,0.0,0.0,0.0,0.0,0.0,0.0,0.0,0.0,0.0,0.0,0.0,0.0,0.0,0.0,0.0,0.0,0.0,0.0,0.0,0.0,0.0,0.0,0.0,0.0,0.0,0.0,0.0,0.0,0.0,0.0,0.0,0.0,0.0,0.0,0.0,0.0,0.0,0.0,0.0,0.0,0.0,0.0,0.0,0.0,0.0,0.0
2026-01-25 14:45:25,28.7,3.1,running,53.6,22.9,60.4,22.9,53.8,22.8,49.1,22.9,47.3,26.0,51.6,22.9,51.8,24.2,48.2,25.1,48.7,22.4,46.9,23.0,46.4,21.1,43.4,20.5,48.2,19.8,48.2,20.6,48.2,24.1,42.4,30.0,36.4,37.2,32.1,31.7,31.2,30.5,32.6,32.1,37.2,25.6,44.4,27.7,46.2,27.8,49.3,29.1,0.0,0.0,0.0,0.0,0.0,0.0,0.0,0.0,0.0,0.0,0.0,0.0,0.0,0.0,0.0,0.0,0.0,0.0,0.0,0.0,0.0,0.0,0.0,0.0,0.0,0.0,0.0,0.0,0.0,0.0,0.0,0.0,0.0,0.0,0.0,0.0,0.0,0.0,0.0,0.0,0.0,0.0,0.0,0.0,0.0,0.0,0.0,0.0
2026-01-25 14:45:29,51.7,9.4,running,63.8,37.2,71.9,35.6,63.8,34.2,62.1,36.9,62.7,34.5,61.2,36.9,62.1,40.3,65.6,42.9,59.8,35.8,59.8,36.6,62.4,29.8,62.8,29.3,60.7,30.1,61.3,32.0,56.2,33.2,50.9,45.3,47.3,46.5,56.4,39.7,54.0,40.4,53.1,42.2,50.4,39.8,51.3,40.6,55.1,38.7,58.2,42.2,0.0,0.0,0.0,0.0,0.0,0.0,0.0,0.0,0.0,0.0,0.0,0.0,0.0,0.0,0.0,0.0,0.0,0.0,0.0,0.0,0.0,0.0,0.0,0.0,0.0,0.0,0.0,0.0,0.0,0.0,0.0,0.0,0.0,0.0,0.0,0.0,0.0,0.0,0.0,0.0,0.0,0.0,0.0,0.0,0.0,0.0,0.0,0.0
2026-01-25 14:45:32,30.4,3.1,running,52.4,26.5,61.6,25.3,51.1,23.1,48.7,24.4,52.0,24.4,51.1,26.2,50.2,27.1,52.4,26.2,49.6,28.4,48.7,27.1,50.7,22.7,49.6,22.7,48.0,20.9,48.0,21.8,48.9,21.8,39.1,30.2,30.7,38.7,34.5,28.0,36.0,29.3,37.8,28.9,43.4,26.2,46.7,28.8,49.6,29.8,43.8,35.1,0.0,0.0,0.0,0.0,0.0,0.0,0.0,0.0,0.0,0.0,0.0,0.0,0.0,0.0,0.0,0.0,0.0,0.0,0.0,0.0,0.0,0.0,0.0,0.0,0.0,0.0,0.0,0.0,0.0,0.0,0.0,0.0,0.0,0.0,0.0,0.0,0.0,0.0,0.0,0.0,0.0,0.0,0.0,0.0,0.0,0.0,0.0,0.0
2026-01-25 14:45:36,26.9,6.2,running,65.6,46.8,75.8,45.0,63.2,42.8,64.9,44.2,65.2,50.0,64.7,45.0,64.1,46.8,65.3,47.1,60.8,42.3,63.1,43.9,65.0,39.7,60.1,41.9,62.2,37.2,64.1,39.9,60.7,42.4,47.7,52.3,50.2,57.1,50.7,51.6,50.4,51.4,51.1,51.8,50.2,49.8,53.1,49.8,60.4,49.8,61.4,49.8,0.0,0.0,0.0,0.0,0.0,0.0,0.0,0.0,0.0,0.0,0.0,0.0,0.0,0.0,0.0,0.0,0.0,0.0,0.0,0.0,0.0,0.0,0.0,0.0,0.0,0.0,0.0,0.0,0.0,0.0,0.0,0.0,0.0,0.0,0.0,0.0,0.0,0.0,0.0,0.0,0.0,0.0,0.0,0.0,0.0,0.0,0.0,0.0
2026-01-25 14:45:39,56.2,9.4,running,61.5,36.6,68.8,35.7,60.4,36.1,58.8,38.3,58.1,34.2,59.0,36.1,56.6,37.0,56.8,37.9,53.1,38.3,56.4,34.4,55.3,31.2,55.8,31.3,51.5,31.0,56.6,31.3,53.3,33.2,48.9,39.2,46.5,46.7,49.1,38.1,51.8,37.4,50.9,38.8,48.2,38.8,52.0,38.9,52.0,38.9,51.3,40.1,0.0,0.0,0.0,0.0,0.0,0.0,0.0,0.0,0.0,0.0,0.0,0.0,0.0,0.0,0.0,0.0,0.0,0.0,0.0,0.0,0.0,0.0,0.0,0.0,0.0,0.0,0.0,0.0,0.0,0.0,0.0,0.0,0.0,0.0,0.0,0.0,0.0,0.0,0.0,0.0,0.0,0.0,0.0,0.0,0.0,0.0,0.0,0.0
2026-01-25 14:45:43,57.4,6.2,running,54.0,34.4,64.3,27.6,55.4,25.9,55.3,27.2,54.0,26.8,53.8,30.4,52.2,29.0,54.0,30.4,68.3,28.6,56.0,26.8,52.0,27.2,53.6,23.7,53.1,24.6,52.2,26.3,49.1,25.9,47.3,33.0,42.4,47.3,52.2,34.8,48.7,30.4,50.4,32.1,50.0,31.2,50.4,29.9,50.4,31.2,50.9,30.8,0.0,0.0,0.0,0.0,0.0,0.0,0.0,0.0,0.0,0.0,0.0,0.0,0.0,0.0,0.0,0.0,0.0,0.0,0.0,0.0,0.0,0.0,0.0,0.0,0.0,0.0,0.0,0.0,0.0,0.0,0.0,0.0,0.0,0.0,0.0,0.0,0.0,0.0,0.0,0.0,0.0,0.0,0.0,0.0,0.0,0.0,0.0,0.0
2026-01-25 14:45:46,30.6,3.1,running,46.2,11.1,54.4,8.4,44.9,8.4,45.8,8.9,43.6,11.5,41.8,9.3,41.3,12.9,45.8,15.6,51.6,13.8,45.3,11.6,46.2,7.6,45.3,8.9,45.3,7.1,40.0,13.8,41.3,9.3,44.2,16.9,41.2,24.9,42.5,10.2,38.2,11.1,37.8,12.0,39.1,10.7,40.9,12.0,42.2,9.8,44.0,11.9,0.0,0.0,0.0,0.0,0.0,0.0,0.0,0.0,0.0,0.0,0.0,0.0,0.0,0.0,0.0,0.0,0.0,0.0,0.0,0.0,0.0,0.0,0.0,0.0,0.0,0.0,0.0,0.0,0.0,0.0,0.0,0.0,0.0,0.0,0.0,0.0,0.0,0.0,0.0,0.0,0.0,0.0,0.0,0.0,0.0,0.0,0.0,0.0
2026-01-25 14:45:50,50.0,6.2,running,61.2,43.1,74.7,42.0,63.9,43.3,65.3,44.4,62.5,42.9,62.9,41.1,62.5,46.0,63.6,45.8,64.2,43.8,57.6,45.1,64.7,38.8,61.3,38.8,62.5,36.2,62.2,37.5,61.6,36.6,58.5,50.0,55.8,51.8,53.6,51.8,58.5,48.2,58.5,47.3,58.9,45.5,59.4,47.6,57.6,49.1,60.4,46.4,0.0,0.0,0.0,0.0,0.0,0.0,0.0,0.0,0.0,0.0,0.0,0.0,0.0,0.0,0.0,0.0,0.0,0.0,0.0,0.0,0.0,0.0,0.0,0.0,0.0,0.0,0.0,0.0,0.0,0.0,0.0,0.0,0.0,0.0,0.0,0.0,0.0,0.0,0.0,0.0,0.0,0.0,0.0,0.0,0.0,0.0,0.0,0.0
2026-01-25 14:45:53,41.4,6.2,running,53.1,28.3,63.7,25.1,54.0,22.8,53.4,27.6,52.2,26.2,53.3,24.1,54.5,26.5,54.0,30.5,60.1,24.9,56.2,23.7,53.1,23.3,49.6,23.8,47.1,22.0,50.4,19.3,47.8,20.5,50.7,26.9,46.0,35.9,46.4,24.7,44.4,28.6,45.3,30.8,49.8,25.6,50.0,26.2,51.3,27.2,50.9,31.4,0.0,0.0,0.0,0.0,0.0,0.0,0.0,0.0,0.0,0.0,0.0,0.0,0.0,0.0,0.0,0.0,0.0,0.0,0.0,0.0,0.0,0.0,0.0,0.0,0.0,0.0,0.0,0.0,0.0,0.0,0.0,0.0,0.0,0.0,0.0,0.0,0.0,0.0,0.0,0.0,0.0,0.0,0.0,0.0,0.0,0.0,0.0,0.0
2026-01-25 14:45:57,29.3,3.1,running,48.9,19.8,55.0,21.1,48.0,19.6,48.7,21.0,48.2,17.8,47.6,19.5,48.0,19.0,46.5,17.9,47.3,19.2,45.8,19.5,43.1,19.5,38.8,17.7,43.8,19.9,41.3,18.6,42.2,17.3,37.6,23.3,36.4,30.1,32.9,19.9,28.9,22.7,29.0,22.1,32.1,19.9,33.0,21.0,41.8,19.9,42.2,20.8,0.0,0.0,0.0,0.0,0.0,0.0,0.0,0.0,0.0,0.0,0.0,0.0,0.0,0.0,0.0,0.0,0.0,0.0,0.0,0.0,0.0,0.0,0.0,0.0,0.0,0.0,0.0,0.0,0.0,0.0,0.0,0.0,0.0,0.0,0.0,0.0,0.0,0.0,0.0,0.0,0.0,0.0,0.0,0.0,0.0,0.0,0.0,0.0
2026-01-25 14:46:00,63.3,9.4,running,61.0,43.8,72.2,43.3,56.2,43.9,60.7,39.1,61.2,43.5,63.7,43.3,56.7,44.4,60.3,46.4,57.6,42.9,58.0,44.2,58.5,39.1,61.2,37.7,58.9,36.8,58.5,39.7,55.8,39.0,41.3,57.8,49.3,58.9,46.2,47.6,48.7,49.6,48.4,46.9,39.5,46.4,53.1,48.0,55.4,50.4,55.4,51.3,0.0,0.0,0.0,0.0,0.0,0.0,0.0,0.0,0.0,0.0,0.0,0.0,0.0,0.0,0.0,0.0,0.0,0.0,0.0,0.0,0.0,0.0,0.0,0.0,0.0,0.0,0.0,0.0,0.0,0.0,0.0,0.0,0.0,0.0,0.0,0.0,0.0,0.0,0.0,0.0,0.0,0.0,0.0,0.0,0.0,0.0,0.0,0.0
2026-01-25 14:46:04,39.3,6.2,running,48.7,21.2,61.6,23.1,53.1,23.9,49.1,24.9,47.8,21.6,50.7,22.2,51.1,25.7,45.6,26.2,51.3,27.1,48.2,27.1,51.6,25.2,50.9,21.2,50.7,19.0,50.9,19.9,47.1,23.9,41.2,31.1,34.7,37.9,34.1,28.0,32.7,28.8,27.4,27.6,28.6,26.2,31.6,27.1,48.2,26.7,49.3,29.3,0.0,0.0,0.0,0.0,0.0,0.0,0.0,0.0,0.0,0.0,0.0,0.0,0.0,0.0,0.0,0.0,0.0,0.0,0.0,0.0,0.0,0.0,0.0,0.0,0.0,0.0,0.0,0.0,0.0,0.0,0.0,0.0,0.0,0.0,0.0,0.0,0.0,0.0,0.0,0.0,0.0,0.0,0.0,0.0,0.0,0.0,0.0,0.0
2026-01-25 14:46:07,33.9,3.1,running,55.6,22.4,58.4,23.3,54.4,25.6,52.4,26.7,51.8,22.8,50.4,25.4,45.3,24.1,47.6,25.3,50.2,26.0,53.5,27.7,52.0,25.6,51.6,21.5,45.8,22.4,48.0,21.9,43.6,23.3,39.1,31.8,40.3,38.4,30.7,29.6,31.1,29.6,29.8,37.2,36.4,26.9,32.0,29.0,50.7,30.4,49.8,30.5,0.0,0.0,0.0,0.0,0.0,0.0,0.0,0.0,0.0,0.0,0.0,0.0,0.0,0.0,0.0,0.0,0.0,0.0,0.0,0.0,0.0,0.0,0.0,0.0,0.0,0.0,0.0,0.0,0.0,0.0,0.0,0.0,0.0,0.0,0.0,0.0,0.0,0.0,0.0,0.0,0.0,0.0,0.0,0.0,0.0,0.0,0.0,0.0
2026-01-25 14:46:11,40.6,3.1,running,59.0,28.3,65.2,31.4,57.1,32.7,56.7,33.6,56.2,28.4,56.7,32.3,52.7,34.2,54.5,31.0,50.9,33.6,46.4,33.8,54.7,31.1,52.0,29.5,48.4,29.2,49.6,28.8,46.9,32.5,46.4,39.8,44.6,46.9,39.1,36.6,36.4,37.0,37.8,35.0,33.5,32.3,35.0,36.9,52.7,34.7,53.1,35.8,0.0,0.0,0.0,0.0,0.0,0.0,0.0,0.0,0.0,0.0,0.0,0.0,0.0,0.0,0.0,0.0,0.0,0.0,0.0,0.0,0.0,0.0,0.0,0.0,0.0,0.0,0.0,0.0,0.0,0.0,0.0,0.0,0.0,0.0,0.0,0.0,0.0,0.0,0.0,0.0,0.0,0.0,0.0,0.0,0.0,0.0,0.0,0.0
2026-01-25 14:46:14,38.1,3.1,running,55.6,28.9,66.1,26.7,56.0,28.9,58.4,28.0,54.0,28.0,50.7,30.7,67.6,27.0,58.2,30.7,54.7,29.2,55.6,26.2,49.8,29.3,55.1,22.2,54.7,25.1,56.4,23.6,51.8,27.6,48.0,33.3,43.6,37.8,43.6,28.9,45.8,29.8,44.9,31.1,44.9,28.9,44.9,30.7,47.6,32.0,54.2,38.8,0.0,0.0,0.0,0.0,0.0,0.0,0.0,0.0,0.0,0.0,0.0,0.0,0.0,0.0,0.0,0.0,0.0,0.0,0.0,0.0,0.0,0.0,0.0,0.0,0.0,0.0,0.0,0.0,0.0,0.0,0.0,0.0,0.0,0.0,0.0,0.0,0.0,0.0,0.0,0.0,0.0,0.0,0.0,0.0,0.0,0.0,0.0,0.0
2026-01-25 14:46:18,29.1,6.2,running,57.3,37.7,71.9,35.6,62.1,36.6,62.1,40.2,60.3,36.3,59.4,39.7,59.8,41.3,59.4,38.8,56.7,39.1,60.7,37.9,56.4,35.0,54.9,33.5,55.4,32.6,55.4,35.9,48.5,39.7,57.3,41.3,58.0,49.6,50.9,44.6,50.7,39.0,47.3,44.6,50.4,40.4,48.4,41.1,52.2,41.3,57.8,44.8,0.0,0.0,0.0,0.0,0.0,0.0,0.0,0.0,0.0,0.0,0.0,0.0,0.0,0.0,0.0,0.0,0.0,0.0,0.0,0.0,0.0,0.0,0.0,0.0,0.0,0.0,0.0,0.0,0.0,0.0,0.0,0.0,0.0,0.0,0.0,0.0,0.0,0.0,0.0,0.0,0.0,0.0,0.0,0.0,0.0,0.0,0.0,0.0
2026-01-25 14:46:21,27.2,6.2,running,45.3,18.3,64.6,14.8,58.0,14.8,49.8,14.2,43.9,15.1,46.2,15.1,47.1,17.0,50.7,16.6,44.4,14.3,44.8,15.6,45.1,15.2,50.7,13.0,46.0,14.8,51.8,12.5,44.6,14.8,37.2,20.1,33.2,20.1,30.8,17.9,23.2,19.3,26.9,18.4,21.5,17.9,25.2,17.9,40.8,17.0,48.7,22.2,0.0,0.0,0.0,0.0,0.0,0.0,0.0,0.0,0.0,0.0,0.0,0.0,0.0,0.0,0.0,0.0,0.0,0.0,0.0,0.0,0.0,0.0,0.0,0.0,0.0,0.0,0.0,0.0,0.0,0.0,0.0,0.0,0.0,0.0,0.0,0.0,0.0,0.0,0.0,0.0,0.0,0.0,0.0,0.0,0.0,0.0,0.0,0.0
2026-01-25 14:46:25,38.8,0.0,running,61.7,42.9,79.2,42.0,70.2,45.1,65.0,44.6,62.8,44.1,62.4,44.2,59.3,44.0,60.2,44.2,60.1,42.0,58.8,43.3,59.7,36.9,41.0,85.8,56.2,36.3,55.9,38.8,57.6,42.9,54.4,49.6,46.9,46.9,50.9,45.8,47.1,48.9,48.2,49.8,47.6,49.1,48.2,48.9,48.2,48.4,57.3,48.4,0.0,0.0,0.0,0.0,0.0,0.0,0.0,0.0,0.0,0.0,0.0,0.0,0.0,0.0,0.0,0.0,0.0,0.0,0.0,0.0,0.0,0.0,0.0,0.0,0.0,0.0,0.0,0.0,0.0,0.0,0.0,0.0,0.0,0.0,0.0,0.0,0.0,0.0,0.0,0.0,0.0,0.0,0.0,0.0,0.0,0.0,0.0,0.0
2026-01-25 14:46:28,13.2,0.0,completed,49.1,28.9,62.6,22.3,59.3,24.9,50.7,25.3,48.4,23.9,49.1,23.9,47.8,24.4,50.2,28.1,67.9,23.7,50.9,27.0,51.8,22.1,33.9,40.9,50.4,22.2,47.1,23.7,42.4,21.3,42.6,28.9,42.8,25.0,37.8,27.2,29.9,30.7,41.2,25.9,35.4,26.5,36.9,27.1,37.2,27.6,42.4,27.4,0.0,0.0,0.0,0.0,0.0,0.0,0.0,0.0,0.0,0.0,0.0,0.0,0.0,0.0,0.0,0.0,0.0,0.0,0.0,0.0,0.0,0.0,0.0,0.0,0.0,0.0,0.0,0.0,0.0,0.0,0.0,0.0,0.0,0.0,0.0,0.0,0.0,0.0,0.0,0.0,0.0,0.0,0.0,0.0,0.0,0.0,0.0,0.0
2026-01-25 14:46:32,0.6,0.0,done,0.9,3.1,12.3,0.0,3.1,1.3,1.3,3.6,2.2,0.0,2.2,0.0,0.9,1.3,0.0,1.3,0.0,0.0,0.0,2.2,0.0,0.0,0.4,0.4,1.3,0.9,1.8,0.4,0.0,0.4,3.1,0.0,0.4,0.0,0.4,0.4,3.6,0.9,6.2,0.0,0.4,0.4,0.9,1.3,1.3,2.2,2.7,0.0,0.0,0.0,0.0,0.0,0.0,0.0,0.0,0.0,0.0,0.0,0.0,0.0,0.0,0.0,0.0,0.0,0.0,0.0,0.0,0.0,0.0,0.0,0.0,0.0,0.0,0.0,0.0,0.0,0.0,0.0,0.0,0.0,0.0,0.0,0.0,0.0,0.0,0.0,0.0,0.0,0.0,0.0,0.0,0.0,0.0,0.0,0.0,0.0
2026-01-25 14:46:35,2.0,0.0,done,2.6,2.1,15.9,0.5,2.1,0.0,2.6,0.0,9.5,0.0,1.0,0.0,0.5,1.0,1.0,2.1,0.5,0.5,0.0,2.6,3.1,2.1,2.1,0.0,2.1,0.0,1.0,0.0,1.0,0.0,9.8,0.5,0.5,0.0,1.6,2.1,0.0,0.0,2.1,0.5,1.0,0.5,1.5,0.5,1.0,0.5,0.5,0.0,0.0,0.0,0.0,0.0,0.0,0.0,0.0,0.0,0.0,0.0,0.0,0.0,0.0,0.0,0.0,0.0,0.0,0.0,0.0,0.0,0.0,0.0,0.0,0.0,0.0,0.0,0.0,0.0,0.0,0.0,0.0,0.0,0.0,0.0,0.0,0.0,0.0,0.0,0.0,0.0,0.0,0.0,0.0,0.0,0.0,0.0,0.0,0.0
2026-01-25 14:46:38,2.7,0.0,done,0.5,0.0,12.4,0.0,28.0,0.0,1.6,0.5,0.5,0.0,1.5,0.0,0.0,0.0,0.5,1.7,0.0,1.0,0.5,0.5,0.0,0.0,0.5,0.0,1.0,0.5,1.6,0.5,0.0,0.0,4.7,0.0,2.1,0.5,1.5,0.5,0.0,0.5,5.2,0.0,2.1,0.0,0.0,1.6,0.5,0.5,2.6,0.5,0.0,0.0,0.0,0.0,0.0,0.0,0.0,0.0,0.0,0.0,0.0,0.0,0.0,0.0,0.0,0.0,0.0,0.0,0.0,0.0,0.0,0.0,0.0,0.0,0.0,0.0,0.0,0.0,0.0,0.0,0.0,0.0,0.0,0.0,0.0,0.0,0.0,0.0,0.0,0.0,0.0,0.0,0.0,0.0,0.0,0.0,0.0,0.0
2026-01-25 14:46:41,3.9,0.0,done,2.1,1.6,49.5,1.6,2.6,0.4,1.0,1.0,2.1,1.9,0.5,1.9,50.0,0.5,18.3,0.0,0.0,0.0,36.8,1.6,17.8,0.0,20.7,0.0,18.3,0.0,17.6,0.0,16.1,0.0,0.0,0.0,2.6,0.0,1.0,0.0,0.0,0.0,0.0,0.0,0.0,1.0,0.0,0.0,0.0,0.5,2.1,0.0,0.0,0.0,0.0,0.0,0.0,0.0,0.0,0.0,0.0,0.0,0.0,0.0,0.0,0.0,0.0,0.0,0.0,0.0,0.0,0.0,0.0,0.0,0.0,0.0,0.0,0.0,0.0,0.0,0.0,0.0,0.0,0.0,0.0,0.0,0.0,0.0,0.0,0.0,0.0,0.0,0.0,0.0,0.0,0.0,0.0,0.0,0.0,0.0
2026-01-25 14:46:44,2.6,0.0,done,1.0,0.5,10.9,0.0,3.6,1.0,4.2,1.0,4.1,0.0,0.5,0.9,62.8,0.5,1.0,1.0,1.0,1.0,0.0,0.0,0.0,0.0,0.0,0.0,1.0,0.0,2.1,0.0,0.0,0.0,4.7,0.0,1.0,0.0,1.6,0.5,1.0,0.0,4.1,0.0,0.5,0.0,0.0,2.1,1.0,0.5,2.1,1.6,0.0,0.0,0.0,0.0,0.0,0.0,0.0,0.0,0.0,0.0,0.0,0.0,0.0,0.0,0.0,0.0,0.0,0.0,0.0,0.0,0.0,0.0,0.0,0.0,0.0,0.0,0.0,0.0,0.0,0.0,0.0,0.0,0.0,0.0,0.0,0.0,0.0,0.0,0.0,0.0,0.0,0.0,0.0,0.0,0.0,0.0,0.0,0.0
